asset_name,license_type,commercial_use,confidence,detection_source,license_file
sherpa-onnx-qnn-QCS9100-binary-1-seconds-zipformer-ctc-zh-2025-07-03-int8.tar.bz2,exhausted,unknown,high,scan_exhausted,
sherpa-onnx-qnn-QCS9100-binary-1-seconds-zipformer-ctc-zh-2025-12-22-int8.tar.bz2,exhausted,unknown,high,scan_exhausted,
sherpa-onnx-qnn-QCS9100-binary-10-seconds-paraformer-zh-2023-03-28-int8.tar.bz2,exhausted,unknown,high,scan_exhausted,
sherpa-onnx-qnn-QCS9100-binary-10-seconds-paraformer-zh-2025-10-07-int8.tar.bz2,exhausted,unknown,high,scan_exhausted,
sherpa-onnx-qnn-QCS9100-binary-10-seconds-sense-voice-zh-en-ja-ko-yue-2024-07-17-int8.tar.bz2,exhausted,unknown,high,scan_exhausted,
sherpa-onnx-qnn-QCS9100-binary-10-seconds-sense-voice-zh-en-ja-ko-yue-2025-09-09-int8.tar.bz2,exhausted,unknown,high,scan_exhausted,
sherpa-onnx-qnn-QCS9100-binary-10-seconds-zipformer-ctc-zh-2025-07-03-int8.tar.bz2,exhausted,unknown,high,scan_exhausted,
sherpa-onnx-qnn-QCS9100-binary-10-seconds-zipformer-ctc-zh-2025-12-22-int8.tar.bz2,exhausted,unknown,high,scan_exhausted,
sherpa-onnx-qnn-QCS9100-binary-13-seconds-paraformer-zh-2023-03-28-int8.tar.bz2,exhausted,unknown,high,scan_exhausted,
sherpa-onnx-qnn-QCS9100-binary-13-seconds-paraformer-zh-2025-10-07-int8.tar.bz2,exhausted,unknown,high,scan_exhausted,
sherpa-onnx-qnn-QCS9100-binary-13-seconds-sense-voice-zh-en-ja-ko-yue-2024-07-17-int8.tar.bz2,exhausted,unknown,high,scan_exhausted,
sherpa-onnx-qnn-QCS9100-binary-13-seconds-sense-voice-zh-en-ja-ko-yue-2025-09-09-int8.tar.bz2,exhausted,unknown,high,scan_exhausted,
sherpa-onnx-qnn-QCS9100-binary-13-seconds-zipformer-ctc-zh-2025-07-03-int8.tar.bz2,exhausted,unknown,high,scan_exhausted,
sherpa-onnx-qnn-QCS9100-binary-15-seconds-paraformer-zh-2023-03-28-int8.tar.bz2,exhausted,unknown,high,scan_exhausted,
sherpa-onnx-qnn-QCS9100-binary-15-seconds-paraformer-zh-2025-10-07-int8.tar.bz2,exhausted,unknown,high,scan_exhausted,
sherpa-onnx-qnn-QCS9100-binary-15-seconds-sense-voice-zh-en-ja-ko-yue-2024-07-17-int8.tar.bz2,exhausted,unknown,high,scan_exhausted,
sherpa-onnx-qnn-QCS9100-binary-15-seconds-sense-voice-zh-en-ja-ko-yue-2025-09-09-int8.tar.bz2,exhausted,unknown,high,scan_exhausted,
sherpa-onnx-qnn-QCS9100-binary-15-seconds-zipformer-ctc-zh-2025-07-03-int8.tar.bz2,exhausted,unknown,high,scan_exhausted,
sherpa-onnx-qnn-QCS9100-binary-18-seconds-paraformer-zh-2023-03-28-int8.tar.bz2,exhausted,unknown,high,scan_exhausted,
sherpa-onnx-qnn-QCS9100-binary-18-seconds-paraformer-zh-2025-10-07-int8.tar.bz2,exhausted,unknown,high,scan_exhausted,
sherpa-onnx-qnn-QCS9100-binary-18-seconds-sense-voice-zh-en-ja-ko-yue-2024-07-17-int8.tar.bz2,exhausted,unknown,high,scan_exhausted,
sherpa-onnx-qnn-QCS9100-binary-18-seconds-sense-voice-zh-en-ja-ko-yue-2025-09-09-int8.tar.bz2,exhausted,unknown,high,scan_exhausted,
sherpa-onnx-qnn-QCS9100-binary-18-seconds-zipformer-ctc-zh-2025-07-03-int8.tar.bz2,exhausted,unknown,high,scan_exhausted,
sherpa-onnx-qnn-QCS9100-binary-2-seconds-zipformer-ctc-zh-2025-07-03-int8.tar.bz2,exhausted,unknown,high,scan_exhausted,
sherpa-onnx-qnn-QCS9100-binary-2-seconds-zipformer-ctc-zh-2025-12-22-int8.tar.bz2,exhausted,unknown,high,scan_exhausted,
sherpa-onnx-qnn-QCS9100-binary-20-seconds-paraformer-zh-2023-03-28-int8.tar.bz2,exhausted,unknown,high,scan_exhausted,
sherpa-onnx-qnn-QCS9100-binary-20-seconds-paraformer-zh-2025-10-07-int8.tar.bz2,exhausted,unknown,high,scan_exhausted,
sherpa-onnx-qnn-QCS9100-binary-20-seconds-sense-voice-zh-en-ja-ko-yue-2024-07-17-int8.tar.bz2,exhausted,unknown,high,scan_exhausted,
sherpa-onnx-qnn-QCS9100-binary-20-seconds-sense-voice-zh-en-ja-ko-yue-2025-09-09-int8.tar.bz2,exhausted,unknown,high,scan_exhausted,
sherpa-onnx-qnn-QCS9100-binary-20-seconds-zipformer-ctc-zh-2025-07-03-int8.tar.bz2,exhausted,unknown,high,scan_exhausted,
sherpa-onnx-qnn-QCS9100-binary-23-seconds-paraformer-zh-2023-03-28-int8.tar.bz2,exhausted,unknown,high,scan_exhausted,
sherpa-onnx-qnn-QCS9100-binary-23-seconds-paraformer-zh-2025-10-07-int8.tar.bz2,exhausted,unknown,high,scan_exhausted,
sherpa-onnx-qnn-QCS9100-binary-23-seconds-sense-voice-zh-en-ja-ko-yue-2024-07-17-int8.tar.bz2,exhausted,unknown,high,scan_exhausted,
sherpa-onnx-qnn-QCS9100-binary-23-seconds-sense-voice-zh-en-ja-ko-yue-2025-09-09-int8.tar.bz2,exhausted,unknown,high,scan_exhausted,
sherpa-onnx-qnn-QCS9100-binary-23-seconds-zipformer-ctc-zh-2025-07-03-int8.tar.bz2,exhausted,unknown,high,scan_exhausted,
sherpa-onnx-qnn-QCS9100-binary-25-seconds-paraformer-zh-2023-03-28-int8.tar.bz2,exhausted,unknown,high,scan_exhausted,
sherpa-onnx-qnn-QCS9100-binary-25-seconds-paraformer-zh-2025-10-07-int8.tar.bz2,exhausted,unknown,high,scan_exhausted,
sherpa-onnx-qnn-QCS9100-binary-25-seconds-sense-voice-zh-en-ja-ko-yue-2024-07-17-int8.tar.bz2,exhausted,unknown,high,scan_exhausted,
sherpa-onnx-qnn-QCS9100-binary-25-seconds-sense-voice-zh-en-ja-ko-yue-2025-09-09-int8.tar.bz2,exhausted,unknown,high,scan_exhausted,
sherpa-onnx-qnn-QCS9100-binary-25-seconds-zipformer-ctc-zh-2025-07-03-int8.tar.bz2,exhausted,unknown,high,scan_exhausted,
sherpa-onnx-qnn-QCS9100-binary-28-seconds-paraformer-zh-2023-03-28-int8.tar.bz2,exhausted,unknown,high,scan_exhausted,
sherpa-onnx-qnn-QCS9100-binary-28-seconds-paraformer-zh-2025-10-07-int8.tar.bz2,exhausted,unknown,high,scan_exhausted,
sherpa-onnx-qnn-QCS9100-binary-28-seconds-sense-voice-zh-en-ja-ko-yue-2024-07-17-int8.tar.bz2,exhausted,unknown,high,scan_exhausted,
sherpa-onnx-qnn-QCS9100-binary-28-seconds-sense-voice-zh-en-ja-ko-yue-2025-09-09-int8.tar.bz2,exhausted,unknown,high,scan_exhausted,
sherpa-onnx-qnn-QCS9100-binary-28-seconds-zipformer-ctc-zh-2025-07-03-int8.tar.bz2,exhausted,unknown,high,scan_exhausted,
sherpa-onnx-qnn-QCS9100-binary-3-seconds-zipformer-ctc-zh-2025-07-03-int8.tar.bz2,exhausted,unknown,high,scan_exhausted,
sherpa-onnx-qnn-QCS9100-binary-3-seconds-zipformer-ctc-zh-2025-12-22-int8.tar.bz2,exhausted,unknown,high,scan_exhausted,
sherpa-onnx-qnn-QCS9100-binary-30-seconds-paraformer-zh-2023-03-28-int8.tar.bz2,exhausted,unknown,high,scan_exhausted,
sherpa-onnx-qnn-QCS9100-binary-30-seconds-paraformer-zh-2025-10-07-int8.tar.bz2,exhausted,unknown,high,scan_exhausted,
sherpa-onnx-qnn-QCS9100-binary-30-seconds-sense-voice-zh-en-ja-ko-yue-2024-07-17-int8.tar.bz2,exhausted,unknown,high,scan_exhausted,
sherpa-onnx-qnn-QCS9100-binary-30-seconds-sense-voice-zh-en-ja-ko-yue-2025-09-09-int8.tar.bz2,exhausted,unknown,high,scan_exhausted,
sherpa-onnx-qnn-QCS9100-binary-30-seconds-zipformer-ctc-zh-2025-07-03-int8.tar.bz2,exhausted,unknown,high,scan_exhausted,
sherpa-onnx-qnn-QCS9100-binary-4-seconds-zipformer-ctc-zh-2025-07-03-int8.tar.bz2,exhausted,unknown,high,scan_exhausted,
sherpa-onnx-qnn-QCS9100-binary-4-seconds-zipformer-ctc-zh-2025-12-22-int8.tar.bz2,exhausted,unknown,high,scan_exhausted,
sherpa-onnx-qnn-QCS9100-binary-5-seconds-paraformer-zh-2023-03-28-int8.tar.bz2,exhausted,unknown,high,scan_exhausted,
sherpa-onnx-qnn-QCS9100-binary-5-seconds-paraformer-zh-2025-10-07-int8.tar.bz2,exhausted,unknown,high,scan_exhausted,
sherpa-onnx-qnn-QCS9100-binary-5-seconds-sense-voice-zh-en-ja-ko-yue-2024-07-17-int8.tar.bz2,exhausted,unknown,high,scan_exhausted,
sherpa-onnx-qnn-QCS9100-binary-5-seconds-sense-voice-zh-en-ja-ko-yue-2025-09-09-int8.tar.bz2,exhausted,unknown,high,scan_exhausted,
sherpa-onnx-qnn-QCS9100-binary-5-seconds-zipformer-ctc-zh-2025-07-03-int8.tar.bz2,exhausted,unknown,high,scan_exhausted,
sherpa-onnx-qnn-QCS9100-binary-5-seconds-zipformer-ctc-zh-2025-12-22-int8.tar.bz2,exhausted,unknown,high,scan_exhausted,
sherpa-onnx-qnn-QCS9100-binary-6-seconds-zipformer-ctc-zh-2025-07-03-int8.tar.bz2,exhausted,unknown,high,scan_exhausted,
sherpa-onnx-qnn-QCS9100-binary-6-seconds-zipformer-ctc-zh-2025-12-22-int8.tar.bz2,exhausted,unknown,high,scan_exhausted,
sherpa-onnx-qnn-QCS9100-binary-7-seconds-zipformer-ctc-zh-2025-07-03-int8.tar.bz2,exhausted,unknown,high,scan_exhausted,
sherpa-onnx-qnn-QCS9100-binary-8-seconds-paraformer-zh-2023-03-28-int8.tar.bz2,exhausted,unknown,high,scan_exhausted,
sherpa-onnx-qnn-QCS9100-binary-8-seconds-paraformer-zh-2025-10-07-int8.tar.bz2,exhausted,unknown,high,scan_exhausted,
sherpa-onnx-qnn-QCS9100-binary-8-seconds-sense-voice-zh-en-ja-ko-yue-2024-07-17-int8.tar.bz2,exhausted,unknown,high,scan_exhausted,
sherpa-onnx-qnn-QCS9100-binary-8-seconds-sense-voice-zh-en-ja-ko-yue-2025-09-09-int8.tar.bz2,exhausted,unknown,high,scan_exhausted,
sherpa-onnx-qnn-QCS9100-binary-8-seconds-zipformer-ctc-zh-2025-07-03-int8.tar.bz2,exhausted,unknown,high,scan_exhausted,
sherpa-onnx-qnn-QCS9100-binary-9-seconds-zipformer-ctc-zh-2025-07-03-int8.tar.bz2,exhausted,unknown,high,scan_exhausted,
sherpa-onnx-qnn-QCS9100-binary-9-seconds-zipformer-ctc-zh-2025-12-22-int8.tar.bz2,exhausted,unknown,high,scan_exhausted,
sherpa-onnx-qnn-SA8255-binary-1-seconds-zipformer-ctc-zh-2025-07-03-int8.tar.bz2,exhausted,unknown,high,scan_exhausted,
sherpa-onnx-qnn-SA8255-binary-1-seconds-zipformer-ctc-zh-2025-12-22-int8.tar.bz2,exhausted,unknown,high,scan_exhausted,
sherpa-onnx-qnn-SA8255-binary-10-seconds-paraformer-zh-2023-03-28-int8.tar.bz2,exhausted,unknown,high,scan_exhausted,
sherpa-onnx-qnn-SA8255-binary-10-seconds-paraformer-zh-2025-10-07-int8.tar.bz2,exhausted,unknown,high,scan_exhausted,
sherpa-onnx-qnn-SA8255-binary-10-seconds-sense-voice-zh-en-ja-ko-yue-2024-07-17-int8.tar.bz2,exhausted,unknown,high,scan_exhausted,
sherpa-onnx-qnn-SA8255-binary-10-seconds-sense-voice-zh-en-ja-ko-yue-2025-09-09-int8.tar.bz2,exhausted,unknown,high,scan_exhausted,
sherpa-onnx-qnn-SA8255-binary-10-seconds-zipformer-ctc-zh-2025-07-03-int8.tar.bz2,exhausted,unknown,high,scan_exhausted,
sherpa-onnx-qnn-SA8255-binary-10-seconds-zipformer-ctc-zh-2025-12-22-int8.tar.bz2,exhausted,unknown,high,scan_exhausted,
sherpa-onnx-qnn-SA8255-binary-13-seconds-paraformer-zh-2023-03-28-int8.tar.bz2,exhausted,unknown,high,scan_exhausted,
sherpa-onnx-qnn-SA8255-binary-13-seconds-paraformer-zh-2025-10-07-int8.tar.bz2,exhausted,unknown,high,scan_exhausted,
sherpa-onnx-qnn-SA8255-binary-13-seconds-sense-voice-zh-en-ja-ko-yue-2024-07-17-int8.tar.bz2,exhausted,unknown,high,scan_exhausted,
sherpa-onnx-qnn-SA8255-binary-13-seconds-sense-voice-zh-en-ja-ko-yue-2025-09-09-int8.tar.bz2,exhausted,unknown,high,scan_exhausted,
sherpa-onnx-qnn-SA8255-binary-13-seconds-zipformer-ctc-zh-2025-07-03-int8.tar.bz2,exhausted,unknown,high,scan_exhausted,
sherpa-onnx-qnn-SA8255-binary-15-seconds-paraformer-zh-2023-03-28-int8.tar.bz2,exhausted,unknown,high,scan_exhausted,
sherpa-onnx-qnn-SA8255-binary-15-seconds-paraformer-zh-2025-10-07-int8.tar.bz2,exhausted,unknown,high,scan_exhausted,
sherpa-onnx-qnn-SA8255-binary-15-seconds-sense-voice-zh-en-ja-ko-yue-2024-07-17-int8.tar.bz2,exhausted,unknown,high,scan_exhausted,
sherpa-onnx-qnn-SA8255-binary-15-seconds-sense-voice-zh-en-ja-ko-yue-2025-09-09-int8.tar.bz2,exhausted,unknown,high,scan_exhausted,
sherpa-onnx-qnn-SA8255-binary-15-seconds-zipformer-ctc-zh-2025-07-03-int8.tar.bz2,exhausted,unknown,high,scan_exhausted,
sherpa-onnx-qnn-SA8255-binary-18-seconds-paraformer-zh-2023-03-28-int8.tar.bz2,exhausted,unknown,high,scan_exhausted,
sherpa-onnx-qnn-SA8255-binary-18-seconds-paraformer-zh-2025-10-07-int8.tar.bz2,exhausted,unknown,high,scan_exhausted,
sherpa-onnx-qnn-SA8255-binary-18-seconds-sense-voice-zh-en-ja-ko-yue-2024-07-17-int8.tar.bz2,exhausted,unknown,high,scan_exhausted,
sherpa-onnx-qnn-SA8255-binary-18-seconds-sense-voice-zh-en-ja-ko-yue-2025-09-09-int8.tar.bz2,exhausted,unknown,high,scan_exhausted,
sherpa-onnx-qnn-SA8255-binary-18-seconds-zipformer-ctc-zh-2025-07-03-int8.tar.bz2,exhausted,unknown,high,scan_exhausted,
sherpa-onnx-qnn-SA8255-binary-2-seconds-zipformer-ctc-zh-2025-07-03-int8.tar.bz2,exhausted,unknown,high,scan_exhausted,
sherpa-onnx-qnn-SA8255-binary-2-seconds-zipformer-ctc-zh-2025-12-22-int8.tar.bz2,exhausted,unknown,high,scan_exhausted,
sherpa-onnx-qnn-SA8255-binary-20-seconds-paraformer-zh-2023-03-28-int8.tar.bz2,exhausted,unknown,high,scan_exhausted,
sherpa-onnx-qnn-SA8255-binary-20-seconds-paraformer-zh-2025-10-07-int8.tar.bz2,exhausted,unknown,high,scan_exhausted,
sherpa-onnx-qnn-SA8255-binary-20-seconds-sense-voice-zh-en-ja-ko-yue-2024-07-17-int8.tar.bz2,exhausted,unknown,high,scan_exhausted,
sherpa-onnx-qnn-SA8255-binary-20-seconds-sense-voice-zh-en-ja-ko-yue-2025-09-09-int8.tar.bz2,exhausted,unknown,high,scan_exhausted,
sherpa-onnx-qnn-SA8255-binary-20-seconds-zipformer-ctc-zh-2025-07-03-int8.tar.bz2,exhausted,unknown,high,scan_exhausted,
sherpa-onnx-qnn-SA8255-binary-23-seconds-paraformer-zh-2023-03-28-int8.tar.bz2,exhausted,unknown,high,scan_exhausted,
sherpa-onnx-qnn-SA8255-binary-23-seconds-paraformer-zh-2025-10-07-int8.tar.bz2,exhausted,unknown,high,scan_exhausted,
sherpa-onnx-qnn-SA8255-binary-23-seconds-sense-voice-zh-en-ja-ko-yue-2024-07-17-int8.tar.bz2,exhausted,unknown,high,scan_exhausted,
sherpa-onnx-qnn-SA8255-binary-23-seconds-sense-voice-zh-en-ja-ko-yue-2025-09-09-int8.tar.bz2,exhausted,unknown,high,scan_exhausted,
sherpa-onnx-qnn-SA8255-binary-23-seconds-zipformer-ctc-zh-2025-07-03-int8.tar.bz2,exhausted,unknown,high,scan_exhausted,
sherpa-onnx-qnn-SA8255-binary-25-seconds-paraformer-zh-2023-03-28-int8.tar.bz2,exhausted,unknown,high,scan_exhausted,
sherpa-onnx-qnn-SA8255-binary-25-seconds-paraformer-zh-2025-10-07-int8.tar.bz2,exhausted,unknown,high,scan_exhausted,
sherpa-onnx-qnn-SA8255-binary-25-seconds-sense-voice-zh-en-ja-ko-yue-2024-07-17-int8.tar.bz2,exhausted,unknown,high,scan_exhausted,
sherpa-onnx-qnn-SA8255-binary-25-seconds-sense-voice-zh-en-ja-ko-yue-2025-09-09-int8.tar.bz2,exhausted,unknown,high,scan_exhausted,
sherpa-onnx-qnn-SA8255-binary-25-seconds-zipformer-ctc-zh-2025-07-03-int8.tar.bz2,exhausted,unknown,high,scan_exhausted,
sherpa-onnx-qnn-SA8255-binary-28-seconds-paraformer-zh-2023-03-28-int8.tar.bz2,exhausted,unknown,high,scan_exhausted,
sherpa-onnx-qnn-SA8255-binary-28-seconds-paraformer-zh-2025-10-07-int8.tar.bz2,exhausted,unknown,high,scan_exhausted,
sherpa-onnx-qnn-SA8255-binary-28-seconds-sense-voice-zh-en-ja-ko-yue-2024-07-17-int8.tar.bz2,exhausted,unknown,high,scan_exhausted,
sherpa-onnx-qnn-SA8255-binary-28-seconds-sense-voice-zh-en-ja-ko-yue-2025-09-09-int8.tar.bz2,exhausted,unknown,high,scan_exhausted,
sherpa-onnx-qnn-SA8255-binary-28-seconds-zipformer-ctc-zh-2025-07-03-int8.tar.bz2,exhausted,unknown,high,scan_exhausted,
sherpa-onnx-qnn-SA8255-binary-3-seconds-zipformer-ctc-zh-2025-07-03-int8.tar.bz2,exhausted,unknown,high,scan_exhausted,
sherpa-onnx-qnn-SA8255-binary-3-seconds-zipformer-ctc-zh-2025-12-22-int8.tar.bz2,exhausted,unknown,high,scan_exhausted,
sherpa-onnx-qnn-SA8255-binary-30-seconds-paraformer-zh-2023-03-28-int8.tar.bz2,exhausted,unknown,high,scan_exhausted,
sherpa-onnx-qnn-SA8255-binary-30-seconds-paraformer-zh-2025-10-07-int8.tar.bz2,exhausted,unknown,high,scan_exhausted,
sherpa-onnx-qnn-SA8255-binary-30-seconds-sense-voice-zh-en-ja-ko-yue-2024-07-17-int8.tar.bz2,exhausted,unknown,high,scan_exhausted,
sherpa-onnx-qnn-SA8255-binary-30-seconds-sense-voice-zh-en-ja-ko-yue-2025-09-09-int8.tar.bz2,exhausted,unknown,high,scan_exhausted,
sherpa-onnx-qnn-SA8255-binary-30-seconds-zipformer-ctc-zh-2025-07-03-int8.tar.bz2,exhausted,unknown,high,scan_exhausted,
sherpa-onnx-qnn-SA8255-binary-4-seconds-zipformer-ctc-zh-2025-07-03-int8.tar.bz2,exhausted,unknown,high,scan_exhausted,
sherpa-onnx-qnn-SA8255-binary-4-seconds-zipformer-ctc-zh-2025-12-22-int8.tar.bz2,exhausted,unknown,high,scan_exhausted,
sherpa-onnx-qnn-SA8255-binary-5-seconds-paraformer-zh-2023-03-28-int8.tar.bz2,exhausted,unknown,high,scan_exhausted,
sherpa-onnx-qnn-SA8255-binary-5-seconds-paraformer-zh-2025-10-07-int8.tar.bz2,exhausted,unknown,high,scan_exhausted,
sherpa-onnx-qnn-SA8255-binary-5-seconds-sense-voice-zh-en-ja-ko-yue-2024-07-17-int8.tar.bz2,exhausted,unknown,high,scan_exhausted,
sherpa-onnx-qnn-SA8255-binary-5-seconds-sense-voice-zh-en-ja-ko-yue-2025-09-09-int8.tar.bz2,exhausted,unknown,high,scan_exhausted,
sherpa-onnx-qnn-SA8255-binary-5-seconds-zipformer-ctc-zh-2025-07-03-int8.tar.bz2,exhausted,unknown,high,scan_exhausted,
sherpa-onnx-qnn-SA8255-binary-5-seconds-zipformer-ctc-zh-2025-12-22-int8.tar.bz2,exhausted,unknown,high,scan_exhausted,
sherpa-onnx-qnn-SA8255-binary-6-seconds-zipformer-ctc-zh-2025-07-03-int8.tar.bz2,exhausted,unknown,high,scan_exhausted,
sherpa-onnx-qnn-SA8255-binary-6-seconds-zipformer-ctc-zh-2025-12-22-int8.tar.bz2,exhausted,unknown,high,scan_exhausted,
sherpa-onnx-qnn-SA8255-binary-7-seconds-zipformer-ctc-zh-2025-07-03-int8.tar.bz2,exhausted,unknown,high,scan_exhausted,
sherpa-onnx-qnn-SA8255-binary-7-seconds-zipformer-ctc-zh-2025-12-22-int8.tar.bz2,exhausted,unknown,high,scan_exhausted,
sherpa-onnx-qnn-SA8255-binary-8-seconds-paraformer-zh-2023-03-28-int8.tar.bz2,exhausted,unknown,high,scan_exhausted,
sherpa-onnx-qnn-SA8255-binary-8-seconds-paraformer-zh-2025-10-07-int8.tar.bz2,exhausted,unknown,high,scan_exhausted,
sherpa-onnx-qnn-SA8255-binary-8-seconds-sense-voice-zh-en-ja-ko-yue-2024-07-17-int8.tar.bz2,exhausted,unknown,high,scan_exhausted,
sherpa-onnx-qnn-SA8255-binary-8-seconds-sense-voice-zh-en-ja-ko-yue-2025-09-09-int8.tar.bz2,exhausted,unknown,high,scan_exhausted,
sherpa-onnx-qnn-SA8255-binary-8-seconds-zipformer-ctc-zh-2025-07-03-int8.tar.bz2,exhausted,unknown,high,scan_exhausted,
sherpa-onnx-qnn-SA8255-binary-9-seconds-zipformer-ctc-zh-2025-07-03-int8.tar.bz2,exhausted,unknown,high,scan_exhausted,
sherpa-onnx-qnn-SA8295-binary-1-seconds-zipformer-ctc-zh-2025-07-03-int8.tar.bz2,exhausted,unknown,high,scan_exhausted,
sherpa-onnx-qnn-SA8295-binary-1-seconds-zipformer-ctc-zh-2025-12-22-int8.tar.bz2,exhausted,unknown,high,scan_exhausted,
sherpa-onnx-qnn-SA8295-binary-10-seconds-paraformer-zh-2023-03-28-int8.tar.bz2,exhausted,unknown,high,scan_exhausted,
sherpa-onnx-qnn-SA8295-binary-10-seconds-paraformer-zh-2025-10-07-int8.tar.bz2,exhausted,unknown,high,scan_exhausted,
sherpa-onnx-qnn-SA8295-binary-10-seconds-sense-voice-zh-en-ja-ko-yue-2024-07-17-int8.tar.bz2,exhausted,unknown,high,scan_exhausted,
sherpa-onnx-qnn-SA8295-binary-10-seconds-sense-voice-zh-en-ja-ko-yue-2025-09-09-int8.tar.bz2,exhausted,unknown,high,scan_exhausted,
sherpa-onnx-qnn-SA8295-binary-10-seconds-zipformer-ctc-zh-2025-07-03-int8.tar.bz2,exhausted,unknown,high,scan_exhausted,
sherpa-onnx-qnn-SA8295-binary-10-seconds-zipformer-ctc-zh-2025-12-22-int8.tar.bz2,exhausted,unknown,high,scan_exhausted,
sherpa-onnx-qnn-SA8295-binary-13-seconds-paraformer-zh-2023-03-28-int8.tar.bz2,exhausted,unknown,high,scan_exhausted,
sherpa-onnx-qnn-SA8295-binary-13-seconds-paraformer-zh-2025-10-07-int8.tar.bz2,exhausted,unknown,high,scan_exhausted,
sherpa-onnx-qnn-SA8295-binary-13-seconds-sense-voice-zh-en-ja-ko-yue-2024-07-17-int8.tar.bz2,exhausted,unknown,high,scan_exhausted,
sherpa-onnx-qnn-SA8295-binary-13-seconds-sense-voice-zh-en-ja-ko-yue-2025-09-09-int8.tar.bz2,exhausted,unknown,high,scan_exhausted,
sherpa-onnx-qnn-SA8295-binary-13-seconds-zipformer-ctc-zh-2025-07-03-int8.tar.bz2,exhausted,unknown,high,scan_exhausted,
sherpa-onnx-qnn-SA8295-binary-15-seconds-paraformer-zh-2023-03-28-int8.tar.bz2,exhausted,unknown,high,scan_exhausted,
sherpa-onnx-qnn-SA8295-binary-15-seconds-paraformer-zh-2025-10-07-int8.tar.bz2,exhausted,unknown,high,scan_exhausted,
sherpa-onnx-qnn-SA8295-binary-15-seconds-sense-voice-zh-en-ja-ko-yue-2024-07-17-int8.tar.bz2,exhausted,unknown,high,scan_exhausted,
sherpa-onnx-qnn-SA8295-binary-15-seconds-sense-voice-zh-en-ja-ko-yue-2025-09-09-int8.tar.bz2,exhausted,unknown,high,scan_exhausted,
sherpa-onnx-qnn-SA8295-binary-15-seconds-zipformer-ctc-zh-2025-07-03-int8.tar.bz2,exhausted,unknown,high,scan_exhausted,
sherpa-onnx-qnn-SA8295-binary-18-seconds-paraformer-zh-2023-03-28-int8.tar.bz2,exhausted,unknown,high,scan_exhausted,
sherpa-onnx-qnn-SA8295-binary-18-seconds-paraformer-zh-2025-10-07-int8.tar.bz2,exhausted,unknown,high,scan_exhausted,
sherpa-onnx-qnn-SA8295-binary-18-seconds-sense-voice-zh-en-ja-ko-yue-2024-07-17-int8.tar.bz2,exhausted,unknown,high,scan_exhausted,
sherpa-onnx-qnn-SA8295-binary-18-seconds-sense-voice-zh-en-ja-ko-yue-2025-09-09-int8.tar.bz2,exhausted,unknown,high,scan_exhausted,
sherpa-onnx-qnn-SA8295-binary-18-seconds-zipformer-ctc-zh-2025-07-03-int8.tar.bz2,exhausted,unknown,high,scan_exhausted,
sherpa-onnx-qnn-SA8295-binary-2-seconds-zipformer-ctc-zh-2025-07-03-int8.tar.bz2,exhausted,unknown,high,scan_exhausted,
sherpa-onnx-qnn-SA8295-binary-2-seconds-zipformer-ctc-zh-2025-12-22-int8.tar.bz2,exhausted,unknown,high,scan_exhausted,
sherpa-onnx-qnn-SA8295-binary-20-seconds-paraformer-zh-2023-03-28-int8.tar.bz2,exhausted,unknown,high,scan_exhausted,
sherpa-onnx-qnn-SA8295-binary-20-seconds-paraformer-zh-2025-10-07-int8.tar.bz2,exhausted,unknown,high,scan_exhausted,
sherpa-onnx-qnn-SA8295-binary-20-seconds-sense-voice-zh-en-ja-ko-yue-2024-07-17-int8.tar.bz2,exhausted,unknown,high,scan_exhausted,
sherpa-onnx-qnn-SA8295-binary-20-seconds-sense-voice-zh-en-ja-ko-yue-2025-09-09-int8.tar.bz2,exhausted,unknown,high,scan_exhausted,
sherpa-onnx-qnn-SA8295-binary-20-seconds-zipformer-ctc-zh-2025-07-03-int8.tar.bz2,exhausted,unknown,high,scan_exhausted,
sherpa-onnx-qnn-SA8295-binary-23-seconds-paraformer-zh-2023-03-28-int8.tar.bz2,exhausted,unknown,high,scan_exhausted,
sherpa-onnx-qnn-SA8295-binary-23-seconds-paraformer-zh-2025-10-07-int8.tar.bz2,exhausted,unknown,high,scan_exhausted,
sherpa-onnx-qnn-SA8295-binary-23-seconds-sense-voice-zh-en-ja-ko-yue-2024-07-17-int8.tar.bz2,exhausted,unknown,high,scan_exhausted,
sherpa-onnx-qnn-SA8295-binary-23-seconds-sense-voice-zh-en-ja-ko-yue-2025-09-09-int8.tar.bz2,exhausted,unknown,high,scan_exhausted,
sherpa-onnx-qnn-SA8295-binary-23-seconds-zipformer-ctc-zh-2025-07-03-int8.tar.bz2,exhausted,unknown,high,scan_exhausted,
sherpa-onnx-qnn-SA8295-binary-25-seconds-paraformer-zh-2023-03-28-int8.tar.bz2,exhausted,unknown,high,scan_exhausted,
sherpa-onnx-qnn-SA8295-binary-25-seconds-paraformer-zh-2025-10-07-int8.tar.bz2,exhausted,unknown,high,scan_exhausted,
sherpa-onnx-qnn-SA8295-binary-25-seconds-sense-voice-zh-en-ja-ko-yue-2024-07-17-int8.tar.bz2,exhausted,unknown,high,scan_exhausted,
sherpa-onnx-qnn-SA8295-binary-25-seconds-sense-voice-zh-en-ja-ko-yue-2025-09-09-int8.tar.bz2,exhausted,unknown,high,scan_exhausted,
sherpa-onnx-qnn-SA8295-binary-25-seconds-zipformer-ctc-zh-2025-07-03-int8.tar.bz2,exhausted,unknown,high,scan_exhausted,
sherpa-onnx-qnn-SA8295-binary-28-seconds-paraformer-zh-2023-03-28-int8.tar.bz2,exhausted,unknown,high,scan_exhausted,
sherpa-onnx-qnn-SA8295-binary-28-seconds-paraformer-zh-2025-10-07-int8.tar.bz2,exhausted,unknown,high,scan_exhausted,
sherpa-onnx-qnn-SA8295-binary-28-seconds-sense-voice-zh-en-ja-ko-yue-2024-07-17-int8.tar.bz2,exhausted,unknown,high,scan_exhausted,
sherpa-onnx-qnn-SA8295-binary-28-seconds-sense-voice-zh-en-ja-ko-yue-2025-09-09-int8.tar.bz2,exhausted,unknown,high,scan_exhausted,
sherpa-onnx-qnn-SA8295-binary-28-seconds-zipformer-ctc-zh-2025-07-03-int8.tar.bz2,exhausted,unknown,high,scan_exhausted,
sherpa-onnx-qnn-SA8295-binary-3-seconds-zipformer-ctc-zh-2025-07-03-int8.tar.bz2,exhausted,unknown,high,scan_exhausted,
sherpa-onnx-qnn-SA8295-binary-3-seconds-zipformer-ctc-zh-2025-12-22-int8.tar.bz2,exhausted,unknown,high,scan_exhausted,
sherpa-onnx-qnn-SA8295-binary-30-seconds-paraformer-zh-2023-03-28-int8.tar.bz2,exhausted,unknown,high,scan_exhausted,
sherpa-onnx-qnn-SA8295-binary-30-seconds-paraformer-zh-2025-10-07-int8.tar.bz2,exhausted,unknown,high,scan_exhausted,
sherpa-onnx-qnn-SA8295-binary-30-seconds-sense-voice-zh-en-ja-ko-yue-2024-07-17-int8.tar.bz2,exhausted,unknown,high,scan_exhausted,
sherpa-onnx-qnn-SA8295-binary-30-seconds-sense-voice-zh-en-ja-ko-yue-2025-09-09-int8.tar.bz2,exhausted,unknown,high,scan_exhausted,
sherpa-onnx-qnn-SA8295-binary-30-seconds-zipformer-ctc-zh-2025-07-03-int8.tar.bz2,exhausted,unknown,high,scan_exhausted,
sherpa-onnx-qnn-SA8295-binary-4-seconds-zipformer-ctc-zh-2025-07-03-int8.tar.bz2,exhausted,unknown,high,scan_exhausted,
sherpa-onnx-qnn-SA8295-binary-4-seconds-zipformer-ctc-zh-2025-12-22-int8.tar.bz2,exhausted,unknown,high,scan_exhausted,
sherpa-onnx-qnn-SA8295-binary-5-seconds-paraformer-zh-2023-03-28-int8.tar.bz2,exhausted,unknown,high,scan_exhausted,
sherpa-onnx-qnn-SA8295-binary-5-seconds-paraformer-zh-2025-10-07-int8.tar.bz2,exhausted,unknown,high,scan_exhausted,
sherpa-onnx-qnn-SA8295-binary-5-seconds-sense-voice-zh-en-ja-ko-yue-2024-07-17-int8.tar.bz2,exhausted,unknown,high,scan_exhausted,
sherpa-onnx-qnn-SA8295-binary-5-seconds-sense-voice-zh-en-ja-ko-yue-2025-09-09-int8.tar.bz2,exhausted,unknown,high,scan_exhausted,
sherpa-onnx-qnn-SA8295-binary-5-seconds-zipformer-ctc-zh-2025-07-03-int8.tar.bz2,exhausted,unknown,high,scan_exhausted,
sherpa-onnx-qnn-SA8295-binary-5-seconds-zipformer-ctc-zh-2025-12-22-int8.tar.bz2,exhausted,unknown,high,scan_exhausted,
sherpa-onnx-qnn-SA8295-binary-6-seconds-zipformer-ctc-zh-2025-07-03-int8.tar.bz2,exhausted,unknown,high,scan_exhausted,
sherpa-onnx-qnn-SA8295-binary-6-seconds-zipformer-ctc-zh-2025-12-22-int8.tar.bz2,exhausted,unknown,high,scan_exhausted,
sherpa-onnx-qnn-SA8295-binary-7-seconds-zipformer-ctc-zh-2025-07-03-int8.tar.bz2,exhausted,unknown,high,scan_exhausted,
sherpa-onnx-qnn-SA8295-binary-8-seconds-paraformer-zh-2023-03-28-int8.tar.bz2,exhausted,unknown,high,scan_exhausted,
sherpa-onnx-qnn-SA8295-binary-8-seconds-paraformer-zh-2025-10-07-int8.tar.bz2,exhausted,unknown,high,scan_exhausted,
sherpa-onnx-qnn-SA8295-binary-8-seconds-sense-voice-zh-en-ja-ko-yue-2024-07-17-int8.tar.bz2,exhausted,unknown,high,scan_exhausted,
sherpa-onnx-qnn-SA8295-binary-8-seconds-sense-voice-zh-en-ja-ko-yue-2025-09-09-int8.tar.bz2,exhausted,unknown,high,scan_exhausted,
sherpa-onnx-qnn-SA8295-binary-8-seconds-zipformer-ctc-zh-2025-07-03-int8.tar.bz2,exhausted,unknown,high,scan_exhausted,
sherpa-onnx-qnn-SA8295-binary-9-seconds-zipformer-ctc-zh-2025-07-03-int8.tar.bz2,exhausted,unknown,high,scan_exhausted,
sherpa-onnx-qnn-SM8350-binary-1-seconds-zipformer-ctc-zh-2025-07-03-int8.tar.bz2,exhausted,unknown,high,scan_exhausted,
sherpa-onnx-qnn-SM8350-binary-1-seconds-zipformer-ctc-zh-2025-12-22-int8.tar.bz2,exhausted,unknown,high,scan_exhausted,
sherpa-onnx-qnn-SM8350-binary-10-seconds-paraformer-zh-2023-03-28-int8.tar.bz2,exhausted,unknown,high,scan_exhausted,
sherpa-onnx-qnn-SM8350-binary-10-seconds-paraformer-zh-2025-10-07-int8.tar.bz2,exhausted,unknown,high,scan_exhausted,
sherpa-onnx-qnn-SM8350-binary-10-seconds-sense-voice-zh-en-ja-ko-yue-2024-07-17-int8.tar.bz2,exhausted,unknown,high,scan_exhausted,
sherpa-onnx-qnn-SM8350-binary-10-seconds-sense-voice-zh-en-ja-ko-yue-2025-09-09-int8.tar.bz2,exhausted,unknown,high,scan_exhausted,
sherpa-onnx-qnn-SM8350-binary-10-seconds-zipformer-ctc-zh-2025-07-03-int8.tar.bz2,exhausted,unknown,high,scan_exhausted,
sherpa-onnx-qnn-SM8350-binary-10-seconds-zipformer-ctc-zh-2025-12-22-int8.tar.bz2,exhausted,unknown,high,scan_exhausted,
sherpa-onnx-qnn-SM8350-binary-13-seconds-paraformer-zh-2023-03-28-int8.tar.bz2,exhausted,unknown,high,scan_exhausted,
sherpa-onnx-qnn-SM8350-binary-13-seconds-paraformer-zh-2025-10-07-int8.tar.bz2,exhausted,unknown,high,scan_exhausted,
sherpa-onnx-qnn-SM8350-binary-13-seconds-sense-voice-zh-en-ja-ko-yue-2024-07-17-int8.tar.bz2,exhausted,unknown,high,scan_exhausted,
sherpa-onnx-qnn-SM8350-binary-13-seconds-sense-voice-zh-en-ja-ko-yue-2025-09-09-int8.tar.bz2,exhausted,unknown,high,scan_exhausted,
sherpa-onnx-qnn-SM8350-binary-13-seconds-zipformer-ctc-zh-2025-07-03-int8.tar.bz2,exhausted,unknown,high,scan_exhausted,
sherpa-onnx-qnn-SM8350-binary-15-seconds-paraformer-zh-2023-03-28-int8.tar.bz2,exhausted,unknown,high,scan_exhausted,
sherpa-onnx-qnn-SM8350-binary-15-seconds-paraformer-zh-2025-10-07-int8.tar.bz2,exhausted,unknown,high,scan_exhausted,
sherpa-onnx-qnn-SM8350-binary-15-seconds-sense-voice-zh-en-ja-ko-yue-2024-07-17-int8.tar.bz2,exhausted,unknown,high,scan_exhausted,
sherpa-onnx-qnn-SM8350-binary-15-seconds-sense-voice-zh-en-ja-ko-yue-2025-09-09-int8.tar.bz2,exhausted,unknown,high,scan_exhausted,
sherpa-onnx-qnn-SM8350-binary-15-seconds-zipformer-ctc-zh-2025-07-03-int8.tar.bz2,exhausted,unknown,high,scan_exhausted,
sherpa-onnx-qnn-SM8350-binary-18-seconds-paraformer-zh-2023-03-28-int8.tar.bz2,exhausted,unknown,high,scan_exhausted,
sherpa-onnx-qnn-SM8350-binary-18-seconds-paraformer-zh-2025-10-07-int8.tar.bz2,exhausted,unknown,high,scan_exhausted,
sherpa-onnx-qnn-SM8350-binary-18-seconds-sense-voice-zh-en-ja-ko-yue-2024-07-17-int8.tar.bz2,exhausted,unknown,high,scan_exhausted,
sherpa-onnx-qnn-SM8350-binary-18-seconds-sense-voice-zh-en-ja-ko-yue-2025-09-09-int8.tar.bz2,exhausted,unknown,high,scan_exhausted,
sherpa-onnx-qnn-SM8350-binary-18-seconds-zipformer-ctc-zh-2025-07-03-int8.tar.bz2,exhausted,unknown,high,scan_exhausted,
sherpa-onnx-qnn-SM8350-binary-2-seconds-zipformer-ctc-zh-2025-07-03-int8.tar.bz2,exhausted,unknown,high,scan_exhausted,
sherpa-onnx-qnn-SM8350-binary-2-seconds-zipformer-ctc-zh-2025-12-22-int8.tar.bz2,exhausted,unknown,high,scan_exhausted,
sherpa-onnx-qnn-SM8350-binary-20-seconds-paraformer-zh-2023-03-28-int8.tar.bz2,exhausted,unknown,high,scan_exhausted,
sherpa-onnx-qnn-SM8350-binary-20-seconds-paraformer-zh-2025-10-07-int8.tar.bz2,exhausted,unknown,high,scan_exhausted,
sherpa-onnx-qnn-SM8350-binary-20-seconds-sense-voice-zh-en-ja-ko-yue-2024-07-17-int8.tar.bz2,exhausted,unknown,high,scan_exhausted,
sherpa-onnx-qnn-SM8350-binary-20-seconds-sense-voice-zh-en-ja-ko-yue-2025-09-09-int8.tar.bz2,exhausted,unknown,high,scan_exhausted,
sherpa-onnx-qnn-SM8350-binary-20-seconds-zipformer-ctc-zh-2025-07-03-int8.tar.bz2,exhausted,unknown,high,scan_exhausted,
sherpa-onnx-qnn-SM8350-binary-23-seconds-paraformer-zh-2023-03-28-int8.tar.bz2,exhausted,unknown,high,scan_exhausted,
sherpa-onnx-qnn-SM8350-binary-23-seconds-paraformer-zh-2025-10-07-int8.tar.bz2,exhausted,unknown,high,scan_exhausted,
sherpa-onnx-qnn-SM8350-binary-23-seconds-sense-voice-zh-en-ja-ko-yue-2024-07-17-int8.tar.bz2,exhausted,unknown,high,scan_exhausted,
sherpa-onnx-qnn-SM8350-binary-23-seconds-sense-voice-zh-en-ja-ko-yue-2025-09-09-int8.tar.bz2,exhausted,unknown,high,scan_exhausted,
sherpa-onnx-qnn-SM8350-binary-23-seconds-zipformer-ctc-zh-2025-07-03-int8.tar.bz2,exhausted,unknown,high,scan_exhausted,
sherpa-onnx-qnn-SM8350-binary-25-seconds-paraformer-zh-2023-03-28-int8.tar.bz2,exhausted,unknown,high,scan_exhausted,
sherpa-onnx-qnn-SM8350-binary-25-seconds-paraformer-zh-2025-10-07-int8.tar.bz2,exhausted,unknown,high,scan_exhausted,
sherpa-onnx-qnn-SM8350-binary-25-seconds-sense-voice-zh-en-ja-ko-yue-2024-07-17-int8.tar.bz2,exhausted,unknown,high,scan_exhausted,
sherpa-onnx-qnn-SM8350-binary-25-seconds-sense-voice-zh-en-ja-ko-yue-2025-09-09-int8.tar.bz2,exhausted,unknown,high,scan_exhausted,
sherpa-onnx-qnn-SM8350-binary-25-seconds-zipformer-ctc-zh-2025-07-03-int8.tar.bz2,exhausted,unknown,high,scan_exhausted,
sherpa-onnx-qnn-SM8350-binary-28-seconds-paraformer-zh-2023-03-28-int8.tar.bz2,exhausted,unknown,high,scan_exhausted,
sherpa-onnx-qnn-SM8350-binary-28-seconds-paraformer-zh-2025-10-07-int8.tar.bz2,exhausted,unknown,high,scan_exhausted,
sherpa-onnx-qnn-SM8350-binary-28-seconds-sense-voice-zh-en-ja-ko-yue-2024-07-17-int8.tar.bz2,exhausted,unknown,high,scan_exhausted,
sherpa-onnx-qnn-SM8350-binary-28-seconds-sense-voice-zh-en-ja-ko-yue-2025-09-09-int8.tar.bz2,exhausted,unknown,high,scan_exhausted,
sherpa-onnx-qnn-SM8350-binary-28-seconds-zipformer-ctc-zh-2025-07-03-int8.tar.bz2,exhausted,unknown,high,scan_exhausted,
sherpa-onnx-qnn-SM8350-binary-3-seconds-zipformer-ctc-zh-2025-07-03-int8.tar.bz2,exhausted,unknown,high,scan_exhausted,
sherpa-onnx-qnn-SM8350-binary-3-seconds-zipformer-ctc-zh-2025-12-22-int8.tar.bz2,exhausted,unknown,high,scan_exhausted,
sherpa-onnx-qnn-SM8350-binary-30-seconds-paraformer-zh-2023-03-28-int8.tar.bz2,exhausted,unknown,high,scan_exhausted,
sherpa-onnx-qnn-SM8350-binary-30-seconds-paraformer-zh-2025-10-07-int8.tar.bz2,exhausted,unknown,high,scan_exhausted,
sherpa-onnx-qnn-SM8350-binary-30-seconds-sense-voice-zh-en-ja-ko-yue-2024-07-17-int8.tar.bz2,exhausted,unknown,high,scan_exhausted,
sherpa-onnx-qnn-SM8350-binary-30-seconds-sense-voice-zh-en-ja-ko-yue-2025-09-09-int8.tar.bz2,exhausted,unknown,high,scan_exhausted,
sherpa-onnx-qnn-SM8350-binary-30-seconds-zipformer-ctc-zh-2025-07-03-int8.tar.bz2,exhausted,unknown,high,scan_exhausted,
sherpa-onnx-qnn-SM8350-binary-4-seconds-zipformer-ctc-zh-2025-07-03-int8.tar.bz2,exhausted,unknown,high,scan_exhausted,
sherpa-onnx-qnn-SM8350-binary-4-seconds-zipformer-ctc-zh-2025-12-22-int8.tar.bz2,exhausted,unknown,high,scan_exhausted,
sherpa-onnx-qnn-SM8350-binary-5-seconds-paraformer-zh-2023-03-28-int8.tar.bz2,exhausted,unknown,high,scan_exhausted,
sherpa-onnx-qnn-SM8350-binary-5-seconds-paraformer-zh-2025-10-07-int8.tar.bz2,exhausted,unknown,high,scan_exhausted,
sherpa-onnx-qnn-SM8350-binary-5-seconds-sense-voice-zh-en-ja-ko-yue-2024-07-17-int8.tar.bz2,exhausted,unknown,high,scan_exhausted,
sherpa-onnx-qnn-SM8350-binary-5-seconds-sense-voice-zh-en-ja-ko-yue-2025-09-09-int8.tar.bz2,exhausted,unknown,high,scan_exhausted,
sherpa-onnx-qnn-SM8350-binary-5-seconds-zipformer-ctc-zh-2025-07-03-int8.tar.bz2,exhausted,unknown,high,scan_exhausted,
sherpa-onnx-qnn-SM8350-binary-5-seconds-zipformer-ctc-zh-2025-12-22-int8.tar.bz2,exhausted,unknown,high,scan_exhausted,
sherpa-onnx-qnn-SM8350-binary-6-seconds-zipformer-ctc-zh-2025-07-03-int8.tar.bz2,exhausted,unknown,high,scan_exhausted,
sherpa-onnx-qnn-SM8350-binary-6-seconds-zipformer-ctc-zh-2025-12-22-int8.tar.bz2,exhausted,unknown,high,scan_exhausted,
sherpa-onnx-qnn-SM8350-binary-7-seconds-zipformer-ctc-zh-2025-07-03-int8.tar.bz2,exhausted,unknown,high,scan_exhausted,
sherpa-onnx-qnn-SM8350-binary-8-seconds-paraformer-zh-2023-03-28-int8.tar.bz2,exhausted,unknown,high,scan_exhausted,
sherpa-onnx-qnn-SM8350-binary-8-seconds-paraformer-zh-2025-10-07-int8.tar.bz2,exhausted,unknown,high,scan_exhausted,
sherpa-onnx-qnn-SM8350-binary-8-seconds-sense-voice-zh-en-ja-ko-yue-2024-07-17-int8.tar.bz2,exhausted,unknown,high,scan_exhausted,
sherpa-onnx-qnn-SM8350-binary-8-seconds-sense-voice-zh-en-ja-ko-yue-2025-09-09-int8.tar.bz2,exhausted,unknown,high,scan_exhausted,
sherpa-onnx-qnn-SM8350-binary-8-seconds-zipformer-ctc-zh-2025-07-03-int8.tar.bz2,exhausted,unknown,high,scan_exhausted,
sherpa-onnx-qnn-SM8350-binary-9-seconds-zipformer-ctc-zh-2025-07-03-int8.tar.bz2,exhausted,unknown,high,scan_exhausted,
sherpa-onnx-qnn-SM8450-binary-1-seconds-zipformer-ctc-zh-2025-07-03-int8.tar.bz2,exhausted,unknown,high,scan_exhausted,
sherpa-onnx-qnn-SM8450-binary-1-seconds-zipformer-ctc-zh-2025-12-22-int8.tar.bz2,exhausted,unknown,high,scan_exhausted,
sherpa-onnx-qnn-SM8450-binary-10-seconds-paraformer-zh-2023-03-28-int8.tar.bz2,exhausted,unknown,high,scan_exhausted,
sherpa-onnx-qnn-SM8450-binary-10-seconds-paraformer-zh-2025-10-07-int8.tar.bz2,exhausted,unknown,high,scan_exhausted,
sherpa-onnx-qnn-SM8450-binary-10-seconds-sense-voice-zh-en-ja-ko-yue-2024-07-17-int8.tar.bz2,exhausted,unknown,high,scan_exhausted,
sherpa-onnx-qnn-SM8450-binary-10-seconds-sense-voice-zh-en-ja-ko-yue-2025-09-09-int8.tar.bz2,exhausted,unknown,high,scan_exhausted,
sherpa-onnx-qnn-SM8450-binary-10-seconds-zipformer-ctc-zh-2025-07-03-int8.tar.bz2,exhausted,unknown,high,scan_exhausted,
sherpa-onnx-qnn-SM8450-binary-10-seconds-zipformer-ctc-zh-2025-12-22-int8.tar.bz2,exhausted,unknown,high,scan_exhausted,
sherpa-onnx-qnn-SM8450-binary-13-seconds-paraformer-zh-2023-03-28-int8.tar.bz2,exhausted,unknown,high,scan_exhausted,
sherpa-onnx-qnn-SM8450-binary-13-seconds-paraformer-zh-2025-10-07-int8.tar.bz2,exhausted,unknown,high,scan_exhausted,
sherpa-onnx-qnn-SM8450-binary-13-seconds-sense-voice-zh-en-ja-ko-yue-2024-07-17-int8.tar.bz2,exhausted,unknown,high,scan_exhausted,
sherpa-onnx-qnn-SM8450-binary-13-seconds-sense-voice-zh-en-ja-ko-yue-2025-09-09-int8.tar.bz2,exhausted,unknown,high,scan_exhausted,
sherpa-onnx-qnn-SM8450-binary-13-seconds-zipformer-ctc-zh-2025-07-03-int8.tar.bz2,exhausted,unknown,high,scan_exhausted,
sherpa-onnx-qnn-SM8450-binary-15-seconds-paraformer-zh-2023-03-28-int8.tar.bz2,exhausted,unknown,high,scan_exhausted,
sherpa-onnx-qnn-SM8450-binary-15-seconds-paraformer-zh-2025-10-07-int8.tar.bz2,exhausted,unknown,high,scan_exhausted,
sherpa-onnx-qnn-SM8450-binary-15-seconds-sense-voice-zh-en-ja-ko-yue-2024-07-17-int8.tar.bz2,exhausted,unknown,high,scan_exhausted,
sherpa-onnx-qnn-SM8450-binary-15-seconds-sense-voice-zh-en-ja-ko-yue-2025-09-09-int8.tar.bz2,exhausted,unknown,high,scan_exhausted,
sherpa-onnx-qnn-SM8450-binary-15-seconds-zipformer-ctc-zh-2025-07-03-int8.tar.bz2,exhausted,unknown,high,scan_exhausted,
sherpa-onnx-qnn-SM8450-binary-18-seconds-paraformer-zh-2023-03-28-int8.tar.bz2,exhausted,unknown,high,scan_exhausted,
sherpa-onnx-qnn-SM8450-binary-18-seconds-paraformer-zh-2025-10-07-int8.tar.bz2,exhausted,unknown,high,scan_exhausted,
sherpa-onnx-qnn-SM8450-binary-18-seconds-sense-voice-zh-en-ja-ko-yue-2024-07-17-int8.tar.bz2,exhausted,unknown,high,scan_exhausted,
sherpa-onnx-qnn-SM8450-binary-18-seconds-sense-voice-zh-en-ja-ko-yue-2025-09-09-int8.tar.bz2,exhausted,unknown,high,scan_exhausted,
sherpa-onnx-qnn-SM8450-binary-18-seconds-zipformer-ctc-zh-2025-07-03-int8.tar.bz2,exhausted,unknown,high,scan_exhausted,
sherpa-onnx-qnn-SM8450-binary-2-seconds-zipformer-ctc-zh-2025-07-03-int8.tar.bz2,exhausted,unknown,high,scan_exhausted,
sherpa-onnx-qnn-SM8450-binary-2-seconds-zipformer-ctc-zh-2025-12-22-int8.tar.bz2,exhausted,unknown,high,scan_exhausted,
sherpa-onnx-qnn-SM8450-binary-20-seconds-paraformer-zh-2023-03-28-int8.tar.bz2,exhausted,unknown,high,scan_exhausted,
sherpa-onnx-qnn-SM8450-binary-20-seconds-paraformer-zh-2025-10-07-int8.tar.bz2,exhausted,unknown,high,scan_exhausted,
sherpa-onnx-qnn-SM8450-binary-20-seconds-sense-voice-zh-en-ja-ko-yue-2024-07-17-int8.tar.bz2,exhausted,unknown,high,scan_exhausted,
sherpa-onnx-qnn-SM8450-binary-20-seconds-sense-voice-zh-en-ja-ko-yue-2025-09-09-int8.tar.bz2,exhausted,unknown,high,scan_exhausted,
sherpa-onnx-qnn-SM8450-binary-20-seconds-zipformer-ctc-zh-2025-07-03-int8.tar.bz2,exhausted,unknown,high,scan_exhausted,
sherpa-onnx-qnn-SM8450-binary-23-seconds-paraformer-zh-2023-03-28-int8.tar.bz2,exhausted,unknown,high,scan_exhausted,
sherpa-onnx-qnn-SM8450-binary-23-seconds-paraformer-zh-2025-10-07-int8.tar.bz2,exhausted,unknown,high,scan_exhausted,
sherpa-onnx-qnn-SM8450-binary-23-seconds-sense-voice-zh-en-ja-ko-yue-2024-07-17-int8.tar.bz2,exhausted,unknown,high,scan_exhausted,
sherpa-onnx-qnn-SM8450-binary-23-seconds-sense-voice-zh-en-ja-ko-yue-2025-09-09-int8.tar.bz2,exhausted,unknown,high,scan_exhausted,
sherpa-onnx-qnn-SM8450-binary-23-seconds-zipformer-ctc-zh-2025-07-03-int8.tar.bz2,exhausted,unknown,high,scan_exhausted,
sherpa-onnx-qnn-SM8450-binary-25-seconds-paraformer-zh-2023-03-28-int8.tar.bz2,exhausted,unknown,high,scan_exhausted,
sherpa-onnx-qnn-SM8450-binary-25-seconds-paraformer-zh-2025-10-07-int8.tar.bz2,exhausted,unknown,high,scan_exhausted,
sherpa-onnx-qnn-SM8450-binary-25-seconds-sense-voice-zh-en-ja-ko-yue-2024-07-17-int8.tar.bz2,exhausted,unknown,high,scan_exhausted,
sherpa-onnx-qnn-SM8450-binary-25-seconds-sense-voice-zh-en-ja-ko-yue-2025-09-09-int8.tar.bz2,exhausted,unknown,high,scan_exhausted,
sherpa-onnx-qnn-SM8450-binary-25-seconds-zipformer-ctc-zh-2025-07-03-int8.tar.bz2,exhausted,unknown,high,scan_exhausted,
sherpa-onnx-qnn-SM8450-binary-28-seconds-paraformer-zh-2023-03-28-int8.tar.bz2,exhausted,unknown,high,scan_exhausted,
sherpa-onnx-qnn-SM8450-binary-28-seconds-paraformer-zh-2025-10-07-int8.tar.bz2,exhausted,unknown,high,scan_exhausted,
sherpa-onnx-qnn-SM8450-binary-28-seconds-sense-voice-zh-en-ja-ko-yue-2024-07-17-int8.tar.bz2,exhausted,unknown,high,scan_exhausted,
sherpa-onnx-qnn-SM8450-binary-28-seconds-sense-voice-zh-en-ja-ko-yue-2025-09-09-int8.tar.bz2,exhausted,unknown,high,scan_exhausted,
sherpa-onnx-qnn-SM8450-binary-28-seconds-zipformer-ctc-zh-2025-07-03-int8.tar.bz2,exhausted,unknown,high,scan_exhausted,
sherpa-onnx-qnn-SM8450-binary-3-seconds-zipformer-ctc-zh-2025-07-03-int8.tar.bz2,exhausted,unknown,high,scan_exhausted,
sherpa-onnx-qnn-SM8450-binary-3-seconds-zipformer-ctc-zh-2025-12-22-int8.tar.bz2,exhausted,unknown,high,scan_exhausted,
sherpa-onnx-qnn-SM8450-binary-30-seconds-paraformer-zh-2023-03-28-int8.tar.bz2,exhausted,unknown,high,scan_exhausted,
sherpa-onnx-qnn-SM8450-binary-30-seconds-paraformer-zh-2025-10-07-int8.tar.bz2,exhausted,unknown,high,scan_exhausted,
sherpa-onnx-qnn-SM8450-binary-30-seconds-sense-voice-zh-en-ja-ko-yue-2024-07-17-int8.tar.bz2,exhausted,unknown,high,scan_exhausted,
sherpa-onnx-qnn-SM8450-binary-30-seconds-sense-voice-zh-en-ja-ko-yue-2025-09-09-int8.tar.bz2,exhausted,unknown,high,scan_exhausted,
sherpa-onnx-qnn-SM8450-binary-30-seconds-zipformer-ctc-zh-2025-07-03-int8.tar.bz2,exhausted,unknown,high,scan_exhausted,
sherpa-onnx-qnn-SM8450-binary-4-seconds-zipformer-ctc-zh-2025-07-03-int8.tar.bz2,exhausted,unknown,high,scan_exhausted,
sherpa-onnx-qnn-SM8450-binary-4-seconds-zipformer-ctc-zh-2025-12-22-int8.tar.bz2,exhausted,unknown,high,scan_exhausted,
sherpa-onnx-qnn-SM8450-binary-5-seconds-paraformer-zh-2023-03-28-int8.tar.bz2,exhausted,unknown,high,scan_exhausted,
sherpa-onnx-qnn-SM8450-binary-5-seconds-paraformer-zh-2025-10-07-int8.tar.bz2,exhausted,unknown,high,scan_exhausted,
sherpa-onnx-qnn-SM8450-binary-5-seconds-sense-voice-zh-en-ja-ko-yue-2024-07-17-int8.tar.bz2,exhausted,unknown,high,scan_exhausted,
sherpa-onnx-qnn-SM8450-binary-5-seconds-sense-voice-zh-en-ja-ko-yue-2025-09-09-int8.tar.bz2,exhausted,unknown,high,scan_exhausted,
sherpa-onnx-qnn-SM8450-binary-5-seconds-zipformer-ctc-zh-2025-07-03-int8.tar.bz2,exhausted,unknown,high,scan_exhausted,
sherpa-onnx-qnn-SM8450-binary-5-seconds-zipformer-ctc-zh-2025-12-22-int8.tar.bz2,exhausted,unknown,high,scan_exhausted,
sherpa-onnx-qnn-SM8450-binary-6-seconds-zipformer-ctc-zh-2025-07-03-int8.tar.bz2,exhausted,unknown,high,scan_exhausted,
sherpa-onnx-qnn-SM8450-binary-6-seconds-zipformer-ctc-zh-2025-12-22-int8.tar.bz2,exhausted,unknown,high,scan_exhausted,
sherpa-onnx-qnn-SM8450-binary-7-seconds-zipformer-ctc-zh-2025-07-03-int8.tar.bz2,exhausted,unknown,high,scan_exhausted,
sherpa-onnx-qnn-SM8450-binary-8-seconds-paraformer-zh-2023-03-28-int8.tar.bz2,exhausted,unknown,high,scan_exhausted,
sherpa-onnx-qnn-SM8450-binary-8-seconds-paraformer-zh-2025-10-07-int8.tar.bz2,exhausted,unknown,high,scan_exhausted,
sherpa-onnx-qnn-SM8450-binary-8-seconds-sense-voice-zh-en-ja-ko-yue-2024-07-17-int8.tar.bz2,exhausted,unknown,high,scan_exhausted,
sherpa-onnx-qnn-SM8450-binary-8-seconds-sense-voice-zh-en-ja-ko-yue-2025-09-09-int8.tar.bz2,exhausted,unknown,high,scan_exhausted,
sherpa-onnx-qnn-SM8450-binary-8-seconds-zipformer-ctc-zh-2025-07-03-int8.tar.bz2,exhausted,unknown,high,scan_exhausted,
sherpa-onnx-qnn-SM8450-binary-9-seconds-zipformer-ctc-zh-2025-07-03-int8.tar.bz2,exhausted,unknown,high,scan_exhausted,
sherpa-onnx-qnn-SM8475-binary-1-seconds-zipformer-ctc-zh-2025-07-03-int8.tar.bz2,exhausted,unknown,high,scan_exhausted,
sherpa-onnx-qnn-SM8475-binary-1-seconds-zipformer-ctc-zh-2025-12-22-int8.tar.bz2,exhausted,unknown,high,scan_exhausted,
sherpa-onnx-qnn-SM8475-binary-10-seconds-paraformer-zh-2023-03-28-int8.tar.bz2,exhausted,unknown,high,scan_exhausted,
sherpa-onnx-qnn-SM8475-binary-10-seconds-paraformer-zh-2025-10-07-int8.tar.bz2,exhausted,unknown,high,scan_exhausted,
sherpa-onnx-qnn-SM8475-binary-10-seconds-sense-voice-zh-en-ja-ko-yue-2024-07-17-int8.tar.bz2,exhausted,unknown,high,scan_exhausted,
sherpa-onnx-qnn-SM8475-binary-10-seconds-sense-voice-zh-en-ja-ko-yue-2025-09-09-int8.tar.bz2,exhausted,unknown,high,scan_exhausted,
sherpa-onnx-qnn-SM8475-binary-10-seconds-zipformer-ctc-zh-2025-07-03-int8.tar.bz2,exhausted,unknown,high,scan_exhausted,
sherpa-onnx-qnn-SM8475-binary-10-seconds-zipformer-ctc-zh-2025-12-22-int8.tar.bz2,exhausted,unknown,high,scan_exhausted,
sherpa-onnx-qnn-SM8475-binary-13-seconds-paraformer-zh-2023-03-28-int8.tar.bz2,exhausted,unknown,high,scan_exhausted,
sherpa-onnx-qnn-SM8475-binary-13-seconds-paraformer-zh-2025-10-07-int8.tar.bz2,exhausted,unknown,high,scan_exhausted,
sherpa-onnx-qnn-SM8475-binary-13-seconds-sense-voice-zh-en-ja-ko-yue-2024-07-17-int8.tar.bz2,exhausted,unknown,high,scan_exhausted,
sherpa-onnx-qnn-SM8475-binary-13-seconds-sense-voice-zh-en-ja-ko-yue-2025-09-09-int8.tar.bz2,exhausted,unknown,high,scan_exhausted,
sherpa-onnx-qnn-SM8475-binary-13-seconds-zipformer-ctc-zh-2025-07-03-int8.tar.bz2,exhausted,unknown,high,scan_exhausted,
sherpa-onnx-qnn-SM8475-binary-15-seconds-paraformer-zh-2023-03-28-int8.tar.bz2,exhausted,unknown,high,scan_exhausted,
sherpa-onnx-qnn-SM8475-binary-15-seconds-paraformer-zh-2025-10-07-int8.tar.bz2,exhausted,unknown,high,scan_exhausted,
sherpa-onnx-qnn-SM8475-binary-15-seconds-sense-voice-zh-en-ja-ko-yue-2024-07-17-int8.tar.bz2,exhausted,unknown,high,scan_exhausted,
sherpa-onnx-qnn-SM8475-binary-15-seconds-sense-voice-zh-en-ja-ko-yue-2025-09-09-int8.tar.bz2,exhausted,unknown,high,scan_exhausted,
sherpa-onnx-qnn-SM8475-binary-15-seconds-zipformer-ctc-zh-2025-07-03-int8.tar.bz2,exhausted,unknown,high,scan_exhausted,
sherpa-onnx-qnn-SM8475-binary-18-seconds-paraformer-zh-2023-03-28-int8.tar.bz2,exhausted,unknown,high,scan_exhausted,
sherpa-onnx-qnn-SM8475-binary-18-seconds-paraformer-zh-2025-10-07-int8.tar.bz2,exhausted,unknown,high,scan_exhausted,
sherpa-onnx-qnn-SM8475-binary-18-seconds-sense-voice-zh-en-ja-ko-yue-2024-07-17-int8.tar.bz2,exhausted,unknown,high,scan_exhausted,
sherpa-onnx-qnn-SM8475-binary-18-seconds-sense-voice-zh-en-ja-ko-yue-2025-09-09-int8.tar.bz2,exhausted,unknown,high,scan_exhausted,
sherpa-onnx-qnn-SM8475-binary-18-seconds-zipformer-ctc-zh-2025-07-03-int8.tar.bz2,exhausted,unknown,high,scan_exhausted,
sherpa-onnx-qnn-SM8475-binary-2-seconds-zipformer-ctc-zh-2025-07-03-int8.tar.bz2,exhausted,unknown,high,scan_exhausted,
sherpa-onnx-qnn-SM8475-binary-2-seconds-zipformer-ctc-zh-2025-12-22-int8.tar.bz2,exhausted,unknown,high,scan_exhausted,
sherpa-onnx-qnn-SM8475-binary-20-seconds-paraformer-zh-2023-03-28-int8.tar.bz2,exhausted,unknown,high,scan_exhausted,
sherpa-onnx-qnn-SM8475-binary-20-seconds-paraformer-zh-2025-10-07-int8.tar.bz2,exhausted,unknown,high,scan_exhausted,
sherpa-onnx-qnn-SM8475-binary-20-seconds-sense-voice-zh-en-ja-ko-yue-2024-07-17-int8.tar.bz2,exhausted,unknown,high,scan_exhausted,
sherpa-onnx-qnn-SM8475-binary-20-seconds-sense-voice-zh-en-ja-ko-yue-2025-09-09-int8.tar.bz2,exhausted,unknown,high,scan_exhausted,
sherpa-onnx-qnn-SM8475-binary-20-seconds-zipformer-ctc-zh-2025-07-03-int8.tar.bz2,exhausted,unknown,high,scan_exhausted,
sherpa-onnx-qnn-SM8475-binary-23-seconds-paraformer-zh-2023-03-28-int8.tar.bz2,exhausted,unknown,high,scan_exhausted,
sherpa-onnx-qnn-SM8475-binary-23-seconds-paraformer-zh-2025-10-07-int8.tar.bz2,exhausted,unknown,high,scan_exhausted,
sherpa-onnx-qnn-SM8475-binary-23-seconds-sense-voice-zh-en-ja-ko-yue-2024-07-17-int8.tar.bz2,exhausted,unknown,high,scan_exhausted,
sherpa-onnx-qnn-SM8475-binary-23-seconds-sense-voice-zh-en-ja-ko-yue-2025-09-09-int8.tar.bz2,exhausted,unknown,high,scan_exhausted,
sherpa-onnx-qnn-SM8475-binary-23-seconds-zipformer-ctc-zh-2025-07-03-int8.tar.bz2,exhausted,unknown,high,scan_exhausted,
sherpa-onnx-qnn-SM8475-binary-25-seconds-paraformer-zh-2023-03-28-int8.tar.bz2,exhausted,unknown,high,scan_exhausted,
sherpa-onnx-qnn-SM8475-binary-25-seconds-paraformer-zh-2025-10-07-int8.tar.bz2,exhausted,unknown,high,scan_exhausted,
sherpa-onnx-qnn-SM8475-binary-25-seconds-sense-voice-zh-en-ja-ko-yue-2024-07-17-int8.tar.bz2,exhausted,unknown,high,scan_exhausted,
sherpa-onnx-qnn-SM8475-binary-25-seconds-sense-voice-zh-en-ja-ko-yue-2025-09-09-int8.tar.bz2,exhausted,unknown,high,scan_exhausted,
sherpa-onnx-qnn-SM8475-binary-25-seconds-zipformer-ctc-zh-2025-07-03-int8.tar.bz2,exhausted,unknown,high,scan_exhausted,
sherpa-onnx-qnn-SM8475-binary-28-seconds-paraformer-zh-2023-03-28-int8.tar.bz2,exhausted,unknown,high,scan_exhausted,
sherpa-onnx-qnn-SM8475-binary-28-seconds-paraformer-zh-2025-10-07-int8.tar.bz2,exhausted,unknown,high,scan_exhausted,
sherpa-onnx-qnn-SM8475-binary-28-seconds-sense-voice-zh-en-ja-ko-yue-2024-07-17-int8.tar.bz2,exhausted,unknown,high,scan_exhausted,
sherpa-onnx-qnn-SM8475-binary-28-seconds-sense-voice-zh-en-ja-ko-yue-2025-09-09-int8.tar.bz2,exhausted,unknown,high,scan_exhausted,
sherpa-onnx-qnn-SM8475-binary-28-seconds-zipformer-ctc-zh-2025-07-03-int8.tar.bz2,exhausted,unknown,high,scan_exhausted,
sherpa-onnx-qnn-SM8475-binary-3-seconds-zipformer-ctc-zh-2025-07-03-int8.tar.bz2,exhausted,unknown,high,scan_exhausted,
sherpa-onnx-qnn-SM8475-binary-3-seconds-zipformer-ctc-zh-2025-12-22-int8.tar.bz2,exhausted,unknown,high,scan_exhausted,
sherpa-onnx-qnn-SM8475-binary-30-seconds-paraformer-zh-2023-03-28-int8.tar.bz2,exhausted,unknown,high,scan_exhausted,
sherpa-onnx-qnn-SM8475-binary-30-seconds-paraformer-zh-2025-10-07-int8.tar.bz2,exhausted,unknown,high,scan_exhausted,
sherpa-onnx-qnn-SM8475-binary-30-seconds-sense-voice-zh-en-ja-ko-yue-2024-07-17-int8.tar.bz2,exhausted,unknown,high,scan_exhausted,
sherpa-onnx-qnn-SM8475-binary-30-seconds-sense-voice-zh-en-ja-ko-yue-2025-09-09-int8.tar.bz2,exhausted,unknown,high,scan_exhausted,
sherpa-onnx-qnn-SM8475-binary-30-seconds-zipformer-ctc-zh-2025-07-03-int8.tar.bz2,exhausted,unknown,high,scan_exhausted,
sherpa-onnx-qnn-SM8475-binary-4-seconds-zipformer-ctc-zh-2025-07-03-int8.tar.bz2,exhausted,unknown,high,scan_exhausted,
sherpa-onnx-qnn-SM8475-binary-4-seconds-zipformer-ctc-zh-2025-12-22-int8.tar.bz2,exhausted,unknown,high,scan_exhausted,
sherpa-onnx-qnn-SM8475-binary-5-seconds-paraformer-zh-2023-03-28-int8.tar.bz2,exhausted,unknown,high,scan_exhausted,
sherpa-onnx-qnn-SM8475-binary-5-seconds-paraformer-zh-2025-10-07-int8.tar.bz2,exhausted,unknown,high,scan_exhausted,
sherpa-onnx-qnn-SM8475-binary-5-seconds-sense-voice-zh-en-ja-ko-yue-2024-07-17-int8.tar.bz2,exhausted,unknown,high,scan_exhausted,
sherpa-onnx-qnn-SM8475-binary-5-seconds-sense-voice-zh-en-ja-ko-yue-2025-09-09-int8.tar.bz2,exhausted,unknown,high,scan_exhausted,
sherpa-onnx-qnn-SM8475-binary-5-seconds-zipformer-ctc-zh-2025-07-03-int8.tar.bz2,exhausted,unknown,high,scan_exhausted,
sherpa-onnx-qnn-SM8475-binary-5-seconds-zipformer-ctc-zh-2025-12-22-int8.tar.bz2,exhausted,unknown,high,scan_exhausted,
sherpa-onnx-qnn-SM8475-binary-6-seconds-zipformer-ctc-zh-2025-07-03-int8.tar.bz2,exhausted,unknown,high,scan_exhausted,
sherpa-onnx-qnn-SM8475-binary-6-seconds-zipformer-ctc-zh-2025-12-22-int8.tar.bz2,exhausted,unknown,high,scan_exhausted,
sherpa-onnx-qnn-SM8475-binary-7-seconds-zipformer-ctc-zh-2025-07-03-int8.tar.bz2,exhausted,unknown,high,scan_exhausted,
sherpa-onnx-qnn-SM8475-binary-8-seconds-paraformer-zh-2023-03-28-int8.tar.bz2,exhausted,unknown,high,scan_exhausted,
sherpa-onnx-qnn-SM8475-binary-8-seconds-paraformer-zh-2025-10-07-int8.tar.bz2,exhausted,unknown,high,scan_exhausted,
sherpa-onnx-qnn-SM8475-binary-8-seconds-sense-voice-zh-en-ja-ko-yue-2024-07-17-int8.tar.bz2,exhausted,unknown,high,scan_exhausted,
sherpa-onnx-qnn-SM8475-binary-8-seconds-sense-voice-zh-en-ja-ko-yue-2025-09-09-int8.tar.bz2,exhausted,unknown,high,scan_exhausted,
sherpa-onnx-qnn-SM8475-binary-8-seconds-zipformer-ctc-zh-2025-07-03-int8.tar.bz2,exhausted,unknown,high,scan_exhausted,
sherpa-onnx-qnn-SM8475-binary-9-seconds-zipformer-ctc-zh-2025-07-03-int8.tar.bz2,exhausted,unknown,high,scan_exhausted,
sherpa-onnx-qnn-SM8550-binary-1-seconds-zipformer-ctc-zh-2025-07-03-int8.tar.bz2,exhausted,unknown,high,scan_exhausted,
sherpa-onnx-qnn-SM8550-binary-1-seconds-zipformer-ctc-zh-2025-12-22-int8.tar.bz2,exhausted,unknown,high,scan_exhausted,
sherpa-onnx-qnn-SM8550-binary-10-seconds-paraformer-zh-2023-03-28-int8.tar.bz2,exhausted,unknown,high,scan_exhausted,
sherpa-onnx-qnn-SM8550-binary-10-seconds-paraformer-zh-2025-10-07-int8.tar.bz2,exhausted,unknown,high,scan_exhausted,
sherpa-onnx-qnn-SM8550-binary-10-seconds-sense-voice-zh-en-ja-ko-yue-2024-07-17-int8.tar.bz2,exhausted,unknown,high,scan_exhausted,
sherpa-onnx-qnn-SM8550-binary-10-seconds-sense-voice-zh-en-ja-ko-yue-2025-09-09-int8.tar.bz2,exhausted,unknown,high,scan_exhausted,
sherpa-onnx-qnn-SM8550-binary-10-seconds-zipformer-ctc-zh-2025-07-03-int8.tar.bz2,exhausted,unknown,high,scan_exhausted,
sherpa-onnx-qnn-SM8550-binary-10-seconds-zipformer-ctc-zh-2025-12-22-int8.tar.bz2,exhausted,unknown,high,scan_exhausted,
sherpa-onnx-qnn-SM8550-binary-13-seconds-paraformer-zh-2023-03-28-int8.tar.bz2,exhausted,unknown,high,scan_exhausted,
sherpa-onnx-qnn-SM8550-binary-13-seconds-paraformer-zh-2025-10-07-int8.tar.bz2,exhausted,unknown,high,scan_exhausted,
sherpa-onnx-qnn-SM8550-binary-13-seconds-sense-voice-zh-en-ja-ko-yue-2024-07-17-int8.tar.bz2,exhausted,unknown,high,scan_exhausted,
sherpa-onnx-qnn-SM8550-binary-13-seconds-sense-voice-zh-en-ja-ko-yue-2025-09-09-int8.tar.bz2,exhausted,unknown,high,scan_exhausted,
sherpa-onnx-qnn-SM8550-binary-13-seconds-zipformer-ctc-zh-2025-07-03-int8.tar.bz2,exhausted,unknown,high,scan_exhausted,
sherpa-onnx-qnn-SM8550-binary-15-seconds-paraformer-zh-2023-03-28-int8.tar.bz2,exhausted,unknown,high,scan_exhausted,
sherpa-onnx-qnn-SM8550-binary-15-seconds-paraformer-zh-2025-10-07-int8.tar.bz2,exhausted,unknown,high,scan_exhausted,
sherpa-onnx-qnn-SM8550-binary-15-seconds-sense-voice-zh-en-ja-ko-yue-2024-07-17-int8.tar.bz2,exhausted,unknown,high,scan_exhausted,
sherpa-onnx-qnn-SM8550-binary-15-seconds-sense-voice-zh-en-ja-ko-yue-2025-09-09-int8.tar.bz2,exhausted,unknown,high,scan_exhausted,
sherpa-onnx-qnn-SM8550-binary-15-seconds-zipformer-ctc-zh-2025-07-03-int8.tar.bz2,exhausted,unknown,high,scan_exhausted,
sherpa-onnx-qnn-SM8550-binary-18-seconds-paraformer-zh-2023-03-28-int8.tar.bz2,exhausted,unknown,high,scan_exhausted,
sherpa-onnx-qnn-SM8550-binary-18-seconds-paraformer-zh-2025-10-07-int8.tar.bz2,exhausted,unknown,high,scan_exhausted,
sherpa-onnx-qnn-SM8550-binary-18-seconds-sense-voice-zh-en-ja-ko-yue-2024-07-17-int8.tar.bz2,exhausted,unknown,high,scan_exhausted,
sherpa-onnx-qnn-SM8550-binary-18-seconds-sense-voice-zh-en-ja-ko-yue-2025-09-09-int8.tar.bz2,exhausted,unknown,high,scan_exhausted,
sherpa-onnx-qnn-SM8550-binary-18-seconds-zipformer-ctc-zh-2025-07-03-int8.tar.bz2,exhausted,unknown,high,scan_exhausted,
sherpa-onnx-qnn-SM8550-binary-2-seconds-zipformer-ctc-zh-2025-07-03-int8.tar.bz2,exhausted,unknown,high,scan_exhausted,
sherpa-onnx-qnn-SM8550-binary-2-seconds-zipformer-ctc-zh-2025-12-22-int8.tar.bz2,exhausted,unknown,high,scan_exhausted,
sherpa-onnx-qnn-SM8550-binary-20-seconds-paraformer-zh-2023-03-28-int8.tar.bz2,exhausted,unknown,high,scan_exhausted,
sherpa-onnx-qnn-SM8550-binary-20-seconds-paraformer-zh-2025-10-07-int8.tar.bz2,exhausted,unknown,high,scan_exhausted,
sherpa-onnx-qnn-SM8550-binary-20-seconds-sense-voice-zh-en-ja-ko-yue-2024-07-17-int8.tar.bz2,exhausted,unknown,high,scan_exhausted,
sherpa-onnx-qnn-SM8550-binary-20-seconds-sense-voice-zh-en-ja-ko-yue-2025-09-09-int8.tar.bz2,exhausted,unknown,high,scan_exhausted,
sherpa-onnx-qnn-SM8550-binary-20-seconds-zipformer-ctc-zh-2025-07-03-int8.tar.bz2,exhausted,unknown,high,scan_exhausted,
sherpa-onnx-qnn-SM8550-binary-23-seconds-paraformer-zh-2023-03-28-int8.tar.bz2,exhausted,unknown,high,scan_exhausted,
sherpa-onnx-qnn-SM8550-binary-23-seconds-paraformer-zh-2025-10-07-int8.tar.bz2,exhausted,unknown,high,scan_exhausted,
sherpa-onnx-qnn-SM8550-binary-23-seconds-sense-voice-zh-en-ja-ko-yue-2024-07-17-int8.tar.bz2,exhausted,unknown,high,scan_exhausted,
sherpa-onnx-qnn-SM8550-binary-23-seconds-sense-voice-zh-en-ja-ko-yue-2025-09-09-int8.tar.bz2,exhausted,unknown,high,scan_exhausted,
sherpa-onnx-qnn-SM8550-binary-23-seconds-zipformer-ctc-zh-2025-07-03-int8.tar.bz2,exhausted,unknown,high,scan_exhausted,
sherpa-onnx-qnn-SM8550-binary-25-seconds-paraformer-zh-2023-03-28-int8.tar.bz2,exhausted,unknown,high,scan_exhausted,
sherpa-onnx-qnn-SM8550-binary-25-seconds-paraformer-zh-2025-10-07-int8.tar.bz2,exhausted,unknown,high,scan_exhausted,
sherpa-onnx-qnn-SM8550-binary-25-seconds-sense-voice-zh-en-ja-ko-yue-2024-07-17-int8.tar.bz2,exhausted,unknown,high,scan_exhausted,
sherpa-onnx-qnn-SM8550-binary-25-seconds-sense-voice-zh-en-ja-ko-yue-2025-09-09-int8.tar.bz2,exhausted,unknown,high,scan_exhausted,
sherpa-onnx-qnn-SM8550-binary-25-seconds-zipformer-ctc-zh-2025-07-03-int8.tar.bz2,exhausted,unknown,high,scan_exhausted,
sherpa-onnx-qnn-SM8550-binary-28-seconds-paraformer-zh-2023-03-28-int8.tar.bz2,exhausted,unknown,high,scan_exhausted,
sherpa-onnx-qnn-SM8550-binary-28-seconds-paraformer-zh-2025-10-07-int8.tar.bz2,exhausted,unknown,high,scan_exhausted,
sherpa-onnx-qnn-SM8550-binary-28-seconds-sense-voice-zh-en-ja-ko-yue-2024-07-17-int8.tar.bz2,exhausted,unknown,high,scan_exhausted,
sherpa-onnx-qnn-SM8550-binary-28-seconds-sense-voice-zh-en-ja-ko-yue-2025-09-09-int8.tar.bz2,exhausted,unknown,high,scan_exhausted,
sherpa-onnx-qnn-SM8550-binary-28-seconds-zipformer-ctc-zh-2025-07-03-int8.tar.bz2,exhausted,unknown,high,scan_exhausted,
sherpa-onnx-qnn-SM8550-binary-3-seconds-zipformer-ctc-zh-2025-07-03-int8.tar.bz2,exhausted,unknown,high,scan_exhausted,
sherpa-onnx-qnn-SM8550-binary-3-seconds-zipformer-ctc-zh-2025-12-22-int8.tar.bz2,exhausted,unknown,high,scan_exhausted,
sherpa-onnx-qnn-SM8550-binary-30-seconds-paraformer-zh-2023-03-28-int8.tar.bz2,exhausted,unknown,high,scan_exhausted,
sherpa-onnx-qnn-SM8550-binary-30-seconds-paraformer-zh-2025-10-07-int8.tar.bz2,exhausted,unknown,high,scan_exhausted,
sherpa-onnx-qnn-SM8550-binary-30-seconds-sense-voice-zh-en-ja-ko-yue-2024-07-17-int8.tar.bz2,exhausted,unknown,high,scan_exhausted,
sherpa-onnx-qnn-SM8550-binary-30-seconds-sense-voice-zh-en-ja-ko-yue-2025-09-09-int8.tar.bz2,exhausted,unknown,high,scan_exhausted,
sherpa-onnx-qnn-SM8550-binary-30-seconds-zipformer-ctc-zh-2025-07-03-int8.tar.bz2,exhausted,unknown,high,scan_exhausted,
sherpa-onnx-qnn-SM8550-binary-4-seconds-zipformer-ctc-zh-2025-07-03-int8.tar.bz2,exhausted,unknown,high,scan_exhausted,
sherpa-onnx-qnn-SM8550-binary-4-seconds-zipformer-ctc-zh-2025-12-22-int8.tar.bz2,exhausted,unknown,high,scan_exhausted,
sherpa-onnx-qnn-SM8550-binary-5-seconds-paraformer-zh-2023-03-28-int8.tar.bz2,exhausted,unknown,high,scan_exhausted,
sherpa-onnx-qnn-SM8550-binary-5-seconds-paraformer-zh-2025-10-07-int8.tar.bz2,exhausted,unknown,high,scan_exhausted,
sherpa-onnx-qnn-SM8550-binary-5-seconds-sense-voice-zh-en-ja-ko-yue-2024-07-17-int8.tar.bz2,exhausted,unknown,high,scan_exhausted,
sherpa-onnx-qnn-SM8550-binary-5-seconds-sense-voice-zh-en-ja-ko-yue-2025-09-09-int8.tar.bz2,exhausted,unknown,high,scan_exhausted,
sherpa-onnx-qnn-SM8550-binary-5-seconds-zipformer-ctc-zh-2025-07-03-int8.tar.bz2,exhausted,unknown,high,scan_exhausted,
sherpa-onnx-qnn-SM8550-binary-5-seconds-zipformer-ctc-zh-2025-12-22-int8.tar.bz2,exhausted,unknown,high,scan_exhausted,
sherpa-onnx-qnn-SM8550-binary-6-seconds-zipformer-ctc-zh-2025-07-03-int8.tar.bz2,exhausted,unknown,high,scan_exhausted,
sherpa-onnx-qnn-SM8550-binary-6-seconds-zipformer-ctc-zh-2025-12-22-int8.tar.bz2,exhausted,unknown,high,scan_exhausted,
sherpa-onnx-qnn-SM8550-binary-7-seconds-zipformer-ctc-zh-2025-07-03-int8.tar.bz2,exhausted,unknown,high,scan_exhausted,
sherpa-onnx-qnn-SM8550-binary-7-seconds-zipformer-ctc-zh-2025-12-22-int8.tar.bz2,exhausted,unknown,high,scan_exhausted,
sherpa-onnx-qnn-SM8550-binary-8-seconds-paraformer-zh-2023-03-28-int8.tar.bz2,exhausted,unknown,high,scan_exhausted,
sherpa-onnx-qnn-SM8550-binary-8-seconds-paraformer-zh-2025-10-07-int8.tar.bz2,exhausted,unknown,high,scan_exhausted,
sherpa-onnx-qnn-SM8550-binary-8-seconds-sense-voice-zh-en-ja-ko-yue-2024-07-17-int8.tar.bz2,exhausted,unknown,high,scan_exhausted,
sherpa-onnx-qnn-SM8550-binary-8-seconds-sense-voice-zh-en-ja-ko-yue-2025-09-09-int8.tar.bz2,exhausted,unknown,high,scan_exhausted,
sherpa-onnx-qnn-SM8550-binary-8-seconds-zipformer-ctc-zh-2025-07-03-int8.tar.bz2,exhausted,unknown,high,scan_exhausted,
sherpa-onnx-qnn-SM8550-binary-9-seconds-zipformer-ctc-zh-2025-07-03-int8.tar.bz2,exhausted,unknown,high,scan_exhausted,
sherpa-onnx-qnn-SM8650-binary-1-seconds-zipformer-ctc-zh-2025-07-03-int8.tar.bz2,exhausted,unknown,high,scan_exhausted,
sherpa-onnx-qnn-SM8650-binary-1-seconds-zipformer-ctc-zh-2025-12-22-int8.tar.bz2,exhausted,unknown,high,scan_exhausted,
sherpa-onnx-qnn-SM8650-binary-10-seconds-paraformer-zh-2023-03-28-int8.tar.bz2,exhausted,unknown,high,scan_exhausted,
sherpa-onnx-qnn-SM8650-binary-10-seconds-paraformer-zh-2025-10-07-int8.tar.bz2,exhausted,unknown,high,scan_exhausted,
sherpa-onnx-qnn-SM8650-binary-10-seconds-sense-voice-zh-en-ja-ko-yue-2024-07-17-int8.tar.bz2,exhausted,unknown,high,scan_exhausted,
sherpa-onnx-qnn-SM8650-binary-10-seconds-sense-voice-zh-en-ja-ko-yue-2025-09-09-int8.tar.bz2,exhausted,unknown,high,scan_exhausted,
sherpa-onnx-qnn-SM8650-binary-10-seconds-zipformer-ctc-zh-2025-07-03-int8.tar.bz2,exhausted,unknown,high,scan_exhausted,
sherpa-onnx-qnn-SM8650-binary-10-seconds-zipformer-ctc-zh-2025-12-22-int8.tar.bz2,exhausted,unknown,high,scan_exhausted,
sherpa-onnx-qnn-SM8650-binary-13-seconds-paraformer-zh-2023-03-28-int8.tar.bz2,exhausted,unknown,high,scan_exhausted,
sherpa-onnx-qnn-SM8650-binary-13-seconds-paraformer-zh-2025-10-07-int8.tar.bz2,exhausted,unknown,high,scan_exhausted,
sherpa-onnx-qnn-SM8650-binary-13-seconds-sense-voice-zh-en-ja-ko-yue-2024-07-17-int8.tar.bz2,exhausted,unknown,high,scan_exhausted,
sherpa-onnx-qnn-SM8650-binary-13-seconds-sense-voice-zh-en-ja-ko-yue-2025-09-09-int8.tar.bz2,exhausted,unknown,high,scan_exhausted,
sherpa-onnx-qnn-SM8650-binary-13-seconds-zipformer-ctc-zh-2025-07-03-int8.tar.bz2,exhausted,unknown,high,scan_exhausted,
sherpa-onnx-qnn-SM8650-binary-15-seconds-paraformer-zh-2023-03-28-int8.tar.bz2,exhausted,unknown,high,scan_exhausted,
sherpa-onnx-qnn-SM8650-binary-15-seconds-paraformer-zh-2025-10-07-int8.tar.bz2,exhausted,unknown,high,scan_exhausted,
sherpa-onnx-qnn-SM8650-binary-15-seconds-sense-voice-zh-en-ja-ko-yue-2024-07-17-int8.tar.bz2,exhausted,unknown,high,scan_exhausted,
sherpa-onnx-qnn-SM8650-binary-15-seconds-sense-voice-zh-en-ja-ko-yue-2025-09-09-int8.tar.bz2,exhausted,unknown,high,scan_exhausted,
sherpa-onnx-qnn-SM8650-binary-15-seconds-zipformer-ctc-zh-2025-07-03-int8.tar.bz2,exhausted,unknown,high,scan_exhausted,
sherpa-onnx-qnn-SM8650-binary-18-seconds-paraformer-zh-2023-03-28-int8.tar.bz2,exhausted,unknown,high,scan_exhausted,
sherpa-onnx-qnn-SM8650-binary-18-seconds-paraformer-zh-2025-10-07-int8.tar.bz2,exhausted,unknown,high,scan_exhausted,
sherpa-onnx-qnn-SM8650-binary-18-seconds-sense-voice-zh-en-ja-ko-yue-2024-07-17-int8.tar.bz2,exhausted,unknown,high,scan_exhausted,
sherpa-onnx-qnn-SM8650-binary-18-seconds-sense-voice-zh-en-ja-ko-yue-2025-09-09-int8.tar.bz2,exhausted,unknown,high,scan_exhausted,
sherpa-onnx-qnn-SM8650-binary-18-seconds-zipformer-ctc-zh-2025-07-03-int8.tar.bz2,exhausted,unknown,high,scan_exhausted,
sherpa-onnx-qnn-SM8650-binary-2-seconds-zipformer-ctc-zh-2025-07-03-int8.tar.bz2,exhausted,unknown,high,scan_exhausted,
sherpa-onnx-qnn-SM8650-binary-2-seconds-zipformer-ctc-zh-2025-12-22-int8.tar.bz2,exhausted,unknown,high,scan_exhausted,
sherpa-onnx-qnn-SM8650-binary-20-seconds-paraformer-zh-2023-03-28-int8.tar.bz2,exhausted,unknown,high,scan_exhausted,
sherpa-onnx-qnn-SM8650-binary-20-seconds-paraformer-zh-2025-10-07-int8.tar.bz2,exhausted,unknown,high,scan_exhausted,
sherpa-onnx-qnn-SM8650-binary-20-seconds-sense-voice-zh-en-ja-ko-yue-2024-07-17-int8.tar.bz2,exhausted,unknown,high,scan_exhausted,
sherpa-onnx-qnn-SM8650-binary-20-seconds-sense-voice-zh-en-ja-ko-yue-2025-09-09-int8.tar.bz2,exhausted,unknown,high,scan_exhausted,
sherpa-onnx-qnn-SM8650-binary-20-seconds-zipformer-ctc-zh-2025-07-03-int8.tar.bz2,exhausted,unknown,high,scan_exhausted,
sherpa-onnx-qnn-SM8650-binary-23-seconds-paraformer-zh-2023-03-28-int8.tar.bz2,exhausted,unknown,high,scan_exhausted,
sherpa-onnx-qnn-SM8650-binary-23-seconds-paraformer-zh-2025-10-07-int8.tar.bz2,exhausted,unknown,high,scan_exhausted,
sherpa-onnx-qnn-SM8650-binary-23-seconds-sense-voice-zh-en-ja-ko-yue-2024-07-17-int8.tar.bz2,exhausted,unknown,high,scan_exhausted,
sherpa-onnx-qnn-SM8650-binary-23-seconds-sense-voice-zh-en-ja-ko-yue-2025-09-09-int8.tar.bz2,exhausted,unknown,high,scan_exhausted,
sherpa-onnx-qnn-SM8650-binary-23-seconds-zipformer-ctc-zh-2025-07-03-int8.tar.bz2,exhausted,unknown,high,scan_exhausted,
sherpa-onnx-qnn-SM8650-binary-25-seconds-paraformer-zh-2023-03-28-int8.tar.bz2,exhausted,unknown,high,scan_exhausted,
sherpa-onnx-qnn-SM8650-binary-25-seconds-paraformer-zh-2025-10-07-int8.tar.bz2,exhausted,unknown,high,scan_exhausted,
sherpa-onnx-qnn-SM8650-binary-25-seconds-sense-voice-zh-en-ja-ko-yue-2024-07-17-int8.tar.bz2,exhausted,unknown,high,scan_exhausted,
sherpa-onnx-qnn-SM8650-binary-25-seconds-sense-voice-zh-en-ja-ko-yue-2025-09-09-int8.tar.bz2,exhausted,unknown,high,scan_exhausted,
sherpa-onnx-qnn-SM8650-binary-25-seconds-zipformer-ctc-zh-2025-07-03-int8.tar.bz2,exhausted,unknown,high,scan_exhausted,
sherpa-onnx-qnn-SM8650-binary-28-seconds-paraformer-zh-2023-03-28-int8.tar.bz2,exhausted,unknown,high,scan_exhausted,
sherpa-onnx-qnn-SM8650-binary-28-seconds-paraformer-zh-2025-10-07-int8.tar.bz2,exhausted,unknown,high,scan_exhausted,
sherpa-onnx-qnn-SM8650-binary-28-seconds-sense-voice-zh-en-ja-ko-yue-2024-07-17-int8.tar.bz2,exhausted,unknown,high,scan_exhausted,
sherpa-onnx-qnn-SM8650-binary-28-seconds-sense-voice-zh-en-ja-ko-yue-2025-09-09-int8.tar.bz2,exhausted,unknown,high,scan_exhausted,
sherpa-onnx-qnn-SM8650-binary-28-seconds-zipformer-ctc-zh-2025-07-03-int8.tar.bz2,exhausted,unknown,high,scan_exhausted,
sherpa-onnx-qnn-SM8650-binary-3-seconds-zipformer-ctc-zh-2025-07-03-int8.tar.bz2,exhausted,unknown,high,scan_exhausted,
sherpa-onnx-qnn-SM8650-binary-3-seconds-zipformer-ctc-zh-2025-12-22-int8.tar.bz2,exhausted,unknown,high,scan_exhausted,
sherpa-onnx-qnn-SM8650-binary-30-seconds-paraformer-zh-2023-03-28-int8.tar.bz2,exhausted,unknown,high,scan_exhausted,
sherpa-onnx-qnn-SM8650-binary-30-seconds-paraformer-zh-2025-10-07-int8.tar.bz2,exhausted,unknown,high,scan_exhausted,
sherpa-onnx-qnn-SM8650-binary-30-seconds-sense-voice-zh-en-ja-ko-yue-2024-07-17-int8.tar.bz2,exhausted,unknown,high,scan_exhausted,
sherpa-onnx-qnn-SM8650-binary-30-seconds-sense-voice-zh-en-ja-ko-yue-2025-09-09-int8.tar.bz2,exhausted,unknown,high,scan_exhausted,
sherpa-onnx-qnn-SM8650-binary-30-seconds-zipformer-ctc-zh-2025-07-03-int8.tar.bz2,exhausted,unknown,high,scan_exhausted,
sherpa-onnx-qnn-SM8650-binary-4-seconds-zipformer-ctc-zh-2025-07-03-int8.tar.bz2,exhausted,unknown,high,scan_exhausted,
sherpa-onnx-qnn-SM8650-binary-4-seconds-zipformer-ctc-zh-2025-12-22-int8.tar.bz2,exhausted,unknown,high,scan_exhausted,
sherpa-onnx-qnn-SM8650-binary-5-seconds-paraformer-zh-2023-03-28-int8.tar.bz2,exhausted,unknown,high,scan_exhausted,
sherpa-onnx-qnn-SM8650-binary-5-seconds-paraformer-zh-2025-10-07-int8.tar.bz2,exhausted,unknown,high,scan_exhausted,
sherpa-onnx-qnn-SM8650-binary-5-seconds-sense-voice-zh-en-ja-ko-yue-2024-07-17-int8.tar.bz2,exhausted,unknown,high,scan_exhausted,
sherpa-onnx-qnn-SM8650-binary-5-seconds-sense-voice-zh-en-ja-ko-yue-2025-09-09-int8.tar.bz2,exhausted,unknown,high,scan_exhausted,
sherpa-onnx-qnn-SM8650-binary-5-seconds-zipformer-ctc-zh-2025-07-03-int8.tar.bz2,exhausted,unknown,high,scan_exhausted,
sherpa-onnx-qnn-SM8650-binary-5-seconds-zipformer-ctc-zh-2025-12-22-int8.tar.bz2,exhausted,unknown,high,scan_exhausted,
sherpa-onnx-qnn-SM8650-binary-6-seconds-zipformer-ctc-zh-2025-07-03-int8.tar.bz2,exhausted,unknown,high,scan_exhausted,
sherpa-onnx-qnn-SM8650-binary-6-seconds-zipformer-ctc-zh-2025-12-22-int8.tar.bz2,exhausted,unknown,high,scan_exhausted,
sherpa-onnx-qnn-SM8650-binary-7-seconds-zipformer-ctc-zh-2025-07-03-int8.tar.bz2,exhausted,unknown,high,scan_exhausted,
sherpa-onnx-qnn-SM8650-binary-8-seconds-paraformer-zh-2023-03-28-int8.tar.bz2,exhausted,unknown,high,scan_exhausted,
sherpa-onnx-qnn-SM8650-binary-8-seconds-paraformer-zh-2025-10-07-int8.tar.bz2,exhausted,unknown,high,scan_exhausted,
sherpa-onnx-qnn-SM8650-binary-8-seconds-sense-voice-zh-en-ja-ko-yue-2024-07-17-int8.tar.bz2,exhausted,unknown,high,scan_exhausted,
sherpa-onnx-qnn-SM8650-binary-8-seconds-sense-voice-zh-en-ja-ko-yue-2025-09-09-int8.tar.bz2,exhausted,unknown,high,scan_exhausted,
sherpa-onnx-qnn-SM8650-binary-8-seconds-zipformer-ctc-zh-2025-07-03-int8.tar.bz2,exhausted,unknown,high,scan_exhausted,
sherpa-onnx-qnn-SM8650-binary-9-seconds-zipformer-ctc-zh-2025-07-03-int8.tar.bz2,exhausted,unknown,high,scan_exhausted,
sherpa-onnx-qnn-SM8750-binary-1-seconds-zipformer-ctc-zh-2025-07-03-int8.tar.bz2,exhausted,unknown,high,scan_exhausted,
sherpa-onnx-qnn-SM8750-binary-1-seconds-zipformer-ctc-zh-2025-12-22-int8.tar.bz2,exhausted,unknown,high,scan_exhausted,
sherpa-onnx-qnn-SM8750-binary-10-seconds-paraformer-zh-2023-03-28-int8.tar.bz2,exhausted,unknown,high,scan_exhausted,
sherpa-onnx-qnn-SM8750-binary-10-seconds-paraformer-zh-2025-10-07-int8.tar.bz2,exhausted,unknown,high,scan_exhausted,
sherpa-onnx-qnn-SM8750-binary-10-seconds-sense-voice-zh-en-ja-ko-yue-2024-07-17-int8.tar.bz2,exhausted,unknown,high,scan_exhausted,
sherpa-onnx-qnn-SM8750-binary-10-seconds-sense-voice-zh-en-ja-ko-yue-2025-09-09-int8.tar.bz2,exhausted,unknown,high,scan_exhausted,
sherpa-onnx-qnn-SM8750-binary-10-seconds-zipformer-ctc-zh-2025-07-03-int8.tar.bz2,exhausted,unknown,high,scan_exhausted,
sherpa-onnx-qnn-SM8750-binary-10-seconds-zipformer-ctc-zh-2025-12-22-int8.tar.bz2,exhausted,unknown,high,scan_exhausted,
sherpa-onnx-qnn-SM8750-binary-13-seconds-paraformer-zh-2023-03-28-int8.tar.bz2,exhausted,unknown,high,scan_exhausted,
sherpa-onnx-qnn-SM8750-binary-13-seconds-paraformer-zh-2025-10-07-int8.tar.bz2,exhausted,unknown,high,scan_exhausted,
sherpa-onnx-qnn-SM8750-binary-13-seconds-sense-voice-zh-en-ja-ko-yue-2024-07-17-int8.tar.bz2,exhausted,unknown,high,scan_exhausted,
sherpa-onnx-qnn-SM8750-binary-13-seconds-sense-voice-zh-en-ja-ko-yue-2025-09-09-int8.tar.bz2,exhausted,unknown,high,scan_exhausted,
sherpa-onnx-qnn-SM8750-binary-13-seconds-zipformer-ctc-zh-2025-07-03-int8.tar.bz2,exhausted,unknown,high,scan_exhausted,
sherpa-onnx-qnn-SM8750-binary-15-seconds-paraformer-zh-2023-03-28-int8.tar.bz2,exhausted,unknown,high,scan_exhausted,
sherpa-onnx-qnn-SM8750-binary-15-seconds-paraformer-zh-2025-10-07-int8.tar.bz2,exhausted,unknown,high,scan_exhausted,
sherpa-onnx-qnn-SM8750-binary-15-seconds-sense-voice-zh-en-ja-ko-yue-2024-07-17-int8.tar.bz2,exhausted,unknown,high,scan_exhausted,
sherpa-onnx-qnn-SM8750-binary-15-seconds-sense-voice-zh-en-ja-ko-yue-2025-09-09-int8.tar.bz2,exhausted,unknown,high,scan_exhausted,
sherpa-onnx-qnn-SM8750-binary-15-seconds-zipformer-ctc-zh-2025-07-03-int8.tar.bz2,exhausted,unknown,high,scan_exhausted,
sherpa-onnx-qnn-SM8750-binary-18-seconds-paraformer-zh-2023-03-28-int8.tar.bz2,exhausted,unknown,high,scan_exhausted,
sherpa-onnx-qnn-SM8750-binary-18-seconds-paraformer-zh-2025-10-07-int8.tar.bz2,exhausted,unknown,high,scan_exhausted,
sherpa-onnx-qnn-SM8750-binary-18-seconds-sense-voice-zh-en-ja-ko-yue-2024-07-17-int8.tar.bz2,exhausted,unknown,high,scan_exhausted,
sherpa-onnx-qnn-SM8750-binary-18-seconds-sense-voice-zh-en-ja-ko-yue-2025-09-09-int8.tar.bz2,exhausted,unknown,high,scan_exhausted,
sherpa-onnx-qnn-SM8750-binary-18-seconds-zipformer-ctc-zh-2025-07-03-int8.tar.bz2,exhausted,unknown,high,scan_exhausted,
sherpa-onnx-qnn-SM8750-binary-2-seconds-zipformer-ctc-zh-2025-07-03-int8.tar.bz2,exhausted,unknown,high,scan_exhausted,
sherpa-onnx-qnn-SM8750-binary-2-seconds-zipformer-ctc-zh-2025-12-22-int8.tar.bz2,exhausted,unknown,high,scan_exhausted,
sherpa-onnx-qnn-SM8750-binary-20-seconds-paraformer-zh-2023-03-28-int8.tar.bz2,exhausted,unknown,high,scan_exhausted,
sherpa-onnx-qnn-SM8750-binary-20-seconds-paraformer-zh-2025-10-07-int8.tar.bz2,exhausted,unknown,high,scan_exhausted,
sherpa-onnx-qnn-SM8750-binary-20-seconds-sense-voice-zh-en-ja-ko-yue-2024-07-17-int8.tar.bz2,exhausted,unknown,high,scan_exhausted,
sherpa-onnx-qnn-SM8750-binary-20-seconds-sense-voice-zh-en-ja-ko-yue-2025-09-09-int8.tar.bz2,exhausted,unknown,high,scan_exhausted,
sherpa-onnx-qnn-SM8750-binary-20-seconds-zipformer-ctc-zh-2025-07-03-int8.tar.bz2,exhausted,unknown,high,scan_exhausted,
sherpa-onnx-qnn-SM8750-binary-23-seconds-paraformer-zh-2023-03-28-int8.tar.bz2,exhausted,unknown,high,scan_exhausted,
sherpa-onnx-qnn-SM8750-binary-23-seconds-paraformer-zh-2025-10-07-int8.tar.bz2,exhausted,unknown,high,scan_exhausted,
sherpa-onnx-qnn-SM8750-binary-23-seconds-sense-voice-zh-en-ja-ko-yue-2024-07-17-int8.tar.bz2,exhausted,unknown,high,scan_exhausted,
sherpa-onnx-qnn-SM8750-binary-23-seconds-sense-voice-zh-en-ja-ko-yue-2025-09-09-int8.tar.bz2,exhausted,unknown,high,scan_exhausted,
sherpa-onnx-qnn-SM8750-binary-25-seconds-paraformer-zh-2023-03-28-int8.tar.bz2,exhausted,unknown,high,scan_exhausted,
sherpa-onnx-qnn-SM8750-binary-25-seconds-paraformer-zh-2025-10-07-int8.tar.bz2,exhausted,unknown,high,scan_exhausted,
sherpa-onnx-qnn-SM8750-binary-25-seconds-sense-voice-zh-en-ja-ko-yue-2024-07-17-int8.tar.bz2,exhausted,unknown,high,scan_exhausted,
sherpa-onnx-qnn-SM8750-binary-25-seconds-sense-voice-zh-en-ja-ko-yue-2025-09-09-int8.tar.bz2,exhausted,unknown,high,scan_exhausted,
sherpa-onnx-qnn-SM8750-binary-25-seconds-zipformer-ctc-zh-2025-07-03-int8.tar.bz2,exhausted,unknown,high,scan_exhausted,
sherpa-onnx-qnn-SM8750-binary-28-seconds-paraformer-zh-2023-03-28-int8.tar.bz2,exhausted,unknown,high,scan_exhausted,
sherpa-onnx-qnn-SM8750-binary-28-seconds-paraformer-zh-2025-10-07-int8.tar.bz2,exhausted,unknown,high,scan_exhausted,
sherpa-onnx-qnn-SM8750-binary-28-seconds-sense-voice-zh-en-ja-ko-yue-2024-07-17-int8.tar.bz2,exhausted,unknown,high,scan_exhausted,
sherpa-onnx-qnn-SM8750-binary-28-seconds-sense-voice-zh-en-ja-ko-yue-2025-09-09-int8.tar.bz2,exhausted,unknown,high,scan_exhausted,
sherpa-onnx-qnn-SM8750-binary-28-seconds-zipformer-ctc-zh-2025-07-03-int8.tar.bz2,exhausted,unknown,high,scan_exhausted,
sherpa-onnx-qnn-SM8750-binary-3-seconds-zipformer-ctc-zh-2025-07-03-int8.tar.bz2,exhausted,unknown,high,scan_exhausted,
sherpa-onnx-qnn-SM8750-binary-3-seconds-zipformer-ctc-zh-2025-12-22-int8.tar.bz2,exhausted,unknown,high,scan_exhausted,
sherpa-onnx-qnn-SM8750-binary-30-seconds-paraformer-zh-2023-03-28-int8.tar.bz2,exhausted,unknown,high,scan_exhausted,
sherpa-onnx-qnn-SM8750-binary-30-seconds-paraformer-zh-2025-10-07-int8.tar.bz2,exhausted,unknown,high,scan_exhausted,
sherpa-onnx-qnn-SM8750-binary-30-seconds-sense-voice-zh-en-ja-ko-yue-2024-07-17-int8.tar.bz2,exhausted,unknown,high,scan_exhausted,
sherpa-onnx-qnn-SM8750-binary-30-seconds-sense-voice-zh-en-ja-ko-yue-2025-09-09-int8.tar.bz2,exhausted,unknown,high,scan_exhausted,
sherpa-onnx-qnn-SM8750-binary-30-seconds-zipformer-ctc-zh-2025-07-03-int8.tar.bz2,exhausted,unknown,high,scan_exhausted,
sherpa-onnx-qnn-SM8750-binary-4-seconds-zipformer-ctc-zh-2025-07-03-int8.tar.bz2,exhausted,unknown,high,scan_exhausted,
sherpa-onnx-qnn-SM8750-binary-4-seconds-zipformer-ctc-zh-2025-12-22-int8.tar.bz2,exhausted,unknown,high,scan_exhausted,
sherpa-onnx-qnn-SM8750-binary-5-seconds-paraformer-zh-2023-03-28-int8.tar.bz2,exhausted,unknown,high,scan_exhausted,
sherpa-onnx-qnn-SM8750-binary-5-seconds-paraformer-zh-2025-10-07-int8.tar.bz2,exhausted,unknown,high,scan_exhausted,
sherpa-onnx-qnn-SM8750-binary-5-seconds-sense-voice-zh-en-ja-ko-yue-2024-07-17-int8.tar.bz2,exhausted,unknown,high,scan_exhausted,
sherpa-onnx-qnn-SM8750-binary-5-seconds-sense-voice-zh-en-ja-ko-yue-2025-09-09-int8.tar.bz2,exhausted,unknown,high,scan_exhausted,
sherpa-onnx-qnn-SM8750-binary-5-seconds-zipformer-ctc-zh-2025-07-03-int8.tar.bz2,exhausted,unknown,high,scan_exhausted,
sherpa-onnx-qnn-SM8750-binary-5-seconds-zipformer-ctc-zh-2025-12-22-int8.tar.bz2,exhausted,unknown,high,scan_exhausted,
sherpa-onnx-qnn-SM8750-binary-6-seconds-zipformer-ctc-zh-2025-07-03-int8.tar.bz2,exhausted,unknown,high,scan_exhausted,
sherpa-onnx-qnn-SM8750-binary-6-seconds-zipformer-ctc-zh-2025-12-22-int8.tar.bz2,exhausted,unknown,high,scan_exhausted,
sherpa-onnx-qnn-SM8750-binary-7-seconds-zipformer-ctc-zh-2025-07-03-int8.tar.bz2,exhausted,unknown,high,scan_exhausted,
sherpa-onnx-qnn-SM8750-binary-8-seconds-paraformer-zh-2023-03-28-int8.tar.bz2,exhausted,unknown,high,scan_exhausted,
sherpa-onnx-qnn-SM8750-binary-8-seconds-paraformer-zh-2025-10-07-int8.tar.bz2,exhausted,unknown,high,scan_exhausted,
sherpa-onnx-qnn-SM8750-binary-8-seconds-sense-voice-zh-en-ja-ko-yue-2024-07-17-int8.tar.bz2,exhausted,unknown,high,scan_exhausted,
sherpa-onnx-qnn-SM8750-binary-8-seconds-sense-voice-zh-en-ja-ko-yue-2025-09-09-int8.tar.bz2,exhausted,unknown,high,scan_exhausted,
sherpa-onnx-qnn-SM8750-binary-8-seconds-zipformer-ctc-zh-2025-07-03-int8.tar.bz2,exhausted,unknown,high,scan_exhausted,
sherpa-onnx-qnn-SM8750-binary-9-seconds-zipformer-ctc-zh-2025-07-03-int8.tar.bz2,exhausted,unknown,high,scan_exhausted,
sherpa-onnx-qnn-SM8750-binary-9-seconds-zipformer-ctc-zh-2025-12-22-int8.tar.bz2,exhausted,unknown,high,scan_exhausted,
sherpa-onnx-qnn-SM8850-binary-1-seconds-zipformer-ctc-zh-2025-07-03-int8.tar.bz2,exhausted,unknown,high,scan_exhausted,
sherpa-onnx-qnn-SM8850-binary-1-seconds-zipformer-ctc-zh-2025-12-22-int8.tar.bz2,exhausted,unknown,high,scan_exhausted,
sherpa-onnx-qnn-SM8850-binary-10-seconds-paraformer-zh-2023-03-28-int8.tar.bz2,exhausted,unknown,high,scan_exhausted,
sherpa-onnx-qnn-SM8850-binary-10-seconds-paraformer-zh-2025-10-07-int8.tar.bz2,exhausted,unknown,high,scan_exhausted,
sherpa-onnx-qnn-SM8850-binary-10-seconds-sense-voice-zh-en-ja-ko-yue-2024-07-17-int8.tar.bz2,exhausted,unknown,high,scan_exhausted,
sherpa-onnx-qnn-SM8850-binary-10-seconds-sense-voice-zh-en-ja-ko-yue-2025-09-09-int8.tar.bz2,exhausted,unknown,high,scan_exhausted,
sherpa-onnx-qnn-SM8850-binary-10-seconds-zipformer-ctc-zh-2025-07-03-int8.tar.bz2,exhausted,unknown,high,scan_exhausted,
sherpa-onnx-qnn-SM8850-binary-10-seconds-zipformer-ctc-zh-2025-12-22-int8.tar.bz2,exhausted,unknown,high,scan_exhausted,
sherpa-onnx-qnn-SM8850-binary-13-seconds-paraformer-zh-2023-03-28-int8.tar.bz2,exhausted,unknown,high,scan_exhausted,
sherpa-onnx-qnn-SM8850-binary-13-seconds-paraformer-zh-2025-10-07-int8.tar.bz2,exhausted,unknown,high,scan_exhausted,
sherpa-onnx-qnn-SM8850-binary-13-seconds-sense-voice-zh-en-ja-ko-yue-2024-07-17-int8.tar.bz2,exhausted,unknown,high,scan_exhausted,
sherpa-onnx-qnn-SM8850-binary-13-seconds-sense-voice-zh-en-ja-ko-yue-2025-09-09-int8.tar.bz2,exhausted,unknown,high,scan_exhausted,
sherpa-onnx-qnn-SM8850-binary-13-seconds-zipformer-ctc-zh-2025-07-03-int8.tar.bz2,exhausted,unknown,high,scan_exhausted,
sherpa-onnx-qnn-SM8850-binary-15-seconds-paraformer-zh-2023-03-28-int8.tar.bz2,exhausted,unknown,high,scan_exhausted,
sherpa-onnx-qnn-SM8850-binary-15-seconds-paraformer-zh-2025-10-07-int8.tar.bz2,exhausted,unknown,high,scan_exhausted,
sherpa-onnx-qnn-SM8850-binary-15-seconds-sense-voice-zh-en-ja-ko-yue-2024-07-17-int8.tar.bz2,exhausted,unknown,high,scan_exhausted,
sherpa-onnx-qnn-SM8850-binary-15-seconds-sense-voice-zh-en-ja-ko-yue-2025-09-09-int8.tar.bz2,exhausted,unknown,high,scan_exhausted,
sherpa-onnx-qnn-SM8850-binary-15-seconds-zipformer-ctc-zh-2025-07-03-int8.tar.bz2,exhausted,unknown,high,scan_exhausted,
sherpa-onnx-qnn-SM8850-binary-18-seconds-paraformer-zh-2023-03-28-int8.tar.bz2,exhausted,unknown,high,scan_exhausted,
sherpa-onnx-qnn-SM8850-binary-18-seconds-paraformer-zh-2025-10-07-int8.tar.bz2,exhausted,unknown,high,scan_exhausted,
sherpa-onnx-qnn-SM8850-binary-18-seconds-sense-voice-zh-en-ja-ko-yue-2024-07-17-int8.tar.bz2,exhausted,unknown,high,scan_exhausted,
sherpa-onnx-qnn-SM8850-binary-18-seconds-sense-voice-zh-en-ja-ko-yue-2025-09-09-int8.tar.bz2,exhausted,unknown,high,scan_exhausted,
sherpa-onnx-qnn-SM8850-binary-18-seconds-zipformer-ctc-zh-2025-07-03-int8.tar.bz2,exhausted,unknown,high,scan_exhausted,
sherpa-onnx-qnn-SM8850-binary-2-seconds-zipformer-ctc-zh-2025-07-03-int8.tar.bz2,exhausted,unknown,high,scan_exhausted,
sherpa-onnx-qnn-SM8850-binary-2-seconds-zipformer-ctc-zh-2025-12-22-int8.tar.bz2,exhausted,unknown,high,scan_exhausted,
sherpa-onnx-qnn-SM8850-binary-20-seconds-paraformer-zh-2023-03-28-int8.tar.bz2,exhausted,unknown,high,scan_exhausted,
sherpa-onnx-qnn-SM8850-binary-20-seconds-paraformer-zh-2025-10-07-int8.tar.bz2,exhausted,unknown,high,scan_exhausted,
sherpa-onnx-qnn-SM8850-binary-20-seconds-sense-voice-zh-en-ja-ko-yue-2024-07-17-int8.tar.bz2,exhausted,unknown,high,scan_exhausted,
sherpa-onnx-qnn-SM8850-binary-20-seconds-sense-voice-zh-en-ja-ko-yue-2025-09-09-int8.tar.bz2,exhausted,unknown,high,scan_exhausted,
sherpa-onnx-qnn-SM8850-binary-20-seconds-zipformer-ctc-zh-2025-07-03-int8.tar.bz2,exhausted,unknown,high,scan_exhausted,
sherpa-onnx-qnn-SM8850-binary-23-seconds-paraformer-zh-2023-03-28-int8.tar.bz2,exhausted,unknown,high,scan_exhausted,
sherpa-onnx-qnn-SM8850-binary-23-seconds-paraformer-zh-2025-10-07-int8.tar.bz2,exhausted,unknown,high,scan_exhausted,
sherpa-onnx-qnn-SM8850-binary-23-seconds-sense-voice-zh-en-ja-ko-yue-2024-07-17-int8.tar.bz2,exhausted,unknown,high,scan_exhausted,
sherpa-onnx-qnn-SM8850-binary-23-seconds-sense-voice-zh-en-ja-ko-yue-2025-09-09-int8.tar.bz2,exhausted,unknown,high,scan_exhausted,
sherpa-onnx-qnn-SM8850-binary-25-seconds-paraformer-zh-2023-03-28-int8.tar.bz2,exhausted,unknown,high,scan_exhausted,
sherpa-onnx-qnn-SM8850-binary-25-seconds-paraformer-zh-2025-10-07-int8.tar.bz2,exhausted,unknown,high,scan_exhausted,
sherpa-onnx-qnn-SM8850-binary-25-seconds-sense-voice-zh-en-ja-ko-yue-2024-07-17-int8.tar.bz2,exhausted,unknown,high,scan_exhausted,
sherpa-onnx-qnn-SM8850-binary-25-seconds-sense-voice-zh-en-ja-ko-yue-2025-09-09-int8.tar.bz2,exhausted,unknown,high,scan_exhausted,
sherpa-onnx-qnn-SM8850-binary-25-seconds-zipformer-ctc-zh-2025-07-03-int8.tar.bz2,exhausted,unknown,high,scan_exhausted,
sherpa-onnx-qnn-SM8850-binary-28-seconds-paraformer-zh-2023-03-28-int8.tar.bz2,exhausted,unknown,high,scan_exhausted,
sherpa-onnx-qnn-SM8850-binary-28-seconds-paraformer-zh-2025-10-07-int8.tar.bz2,exhausted,unknown,high,scan_exhausted,
sherpa-onnx-qnn-SM8850-binary-28-seconds-sense-voice-zh-en-ja-ko-yue-2024-07-17-int8.tar.bz2,exhausted,unknown,high,scan_exhausted,
sherpa-onnx-qnn-SM8850-binary-28-seconds-sense-voice-zh-en-ja-ko-yue-2025-09-09-int8.tar.bz2,exhausted,unknown,high,scan_exhausted,
sherpa-onnx-qnn-SM8850-binary-28-seconds-zipformer-ctc-zh-2025-07-03-int8.tar.bz2,exhausted,unknown,high,scan_exhausted,
sherpa-onnx-qnn-SM8850-binary-3-seconds-zipformer-ctc-zh-2025-07-03-int8.tar.bz2,exhausted,unknown,high,scan_exhausted,
sherpa-onnx-qnn-SM8850-binary-3-seconds-zipformer-ctc-zh-2025-12-22-int8.tar.bz2,exhausted,unknown,high,scan_exhausted,
sherpa-onnx-qnn-SM8850-binary-30-seconds-paraformer-zh-2023-03-28-int8.tar.bz2,exhausted,unknown,high,scan_exhausted,
sherpa-onnx-qnn-SM8850-binary-30-seconds-paraformer-zh-2025-10-07-int8.tar.bz2,exhausted,unknown,high,scan_exhausted,
sherpa-onnx-qnn-SM8850-binary-30-seconds-sense-voice-zh-en-ja-ko-yue-2024-07-17-int8.tar.bz2,exhausted,unknown,high,scan_exhausted,
sherpa-onnx-qnn-SM8850-binary-30-seconds-sense-voice-zh-en-ja-ko-yue-2025-09-09-int8.tar.bz2,exhausted,unknown,high,scan_exhausted,
sherpa-onnx-qnn-SM8850-binary-30-seconds-zipformer-ctc-zh-2025-07-03-int8.tar.bz2,exhausted,unknown,high,scan_exhausted,
sherpa-onnx-qnn-SM8850-binary-4-seconds-zipformer-ctc-zh-2025-07-03-int8.tar.bz2,exhausted,unknown,high,scan_exhausted,
sherpa-onnx-qnn-SM8850-binary-4-seconds-zipformer-ctc-zh-2025-12-22-int8.tar.bz2,exhausted,unknown,high,scan_exhausted,
sherpa-onnx-qnn-SM8850-binary-5-seconds-paraformer-zh-2023-03-28-int8.tar.bz2,exhausted,unknown,high,scan_exhausted,
sherpa-onnx-qnn-SM8850-binary-5-seconds-paraformer-zh-2025-10-07-int8.tar.bz2,exhausted,unknown,high,scan_exhausted,
sherpa-onnx-qnn-SM8850-binary-5-seconds-sense-voice-zh-en-ja-ko-yue-2024-07-17-int8.tar.bz2,exhausted,unknown,high,scan_exhausted,
sherpa-onnx-qnn-SM8850-binary-5-seconds-sense-voice-zh-en-ja-ko-yue-2025-09-09-int8.tar.bz2,exhausted,unknown,high,scan_exhausted,
sherpa-onnx-qnn-SM8850-binary-5-seconds-zipformer-ctc-zh-2025-07-03-int8.tar.bz2,exhausted,unknown,high,scan_exhausted,
sherpa-onnx-qnn-SM8850-binary-5-seconds-zipformer-ctc-zh-2025-12-22-int8.tar.bz2,exhausted,unknown,high,scan_exhausted,
sherpa-onnx-qnn-SM8850-binary-6-seconds-zipformer-ctc-zh-2025-07-03-int8.tar.bz2,exhausted,unknown,high,scan_exhausted,
sherpa-onnx-qnn-SM8850-binary-6-seconds-zipformer-ctc-zh-2025-12-22-int8.tar.bz2,exhausted,unknown,high,scan_exhausted,
sherpa-onnx-qnn-SM8850-binary-7-seconds-zipformer-ctc-zh-2025-07-03-int8.tar.bz2,exhausted,unknown,high,scan_exhausted,
sherpa-onnx-qnn-SM8850-binary-7-seconds-zipformer-ctc-zh-2025-12-22-int8.tar.bz2,exhausted,unknown,high,scan_exhausted,
sherpa-onnx-qnn-SM8850-binary-8-seconds-paraformer-zh-2023-03-28-int8.tar.bz2,exhausted,unknown,high,scan_exhausted,
sherpa-onnx-qnn-SM8850-binary-8-seconds-paraformer-zh-2025-10-07-int8.tar.bz2,exhausted,unknown,high,scan_exhausted,
sherpa-onnx-qnn-SM8850-binary-8-seconds-sense-voice-zh-en-ja-ko-yue-2024-07-17-int8.tar.bz2,exhausted,unknown,high,scan_exhausted,
sherpa-onnx-qnn-SM8850-binary-8-seconds-sense-voice-zh-en-ja-ko-yue-2025-09-09-int8.tar.bz2,exhausted,unknown,high,scan_exhausted,
sherpa-onnx-qnn-SM8850-binary-8-seconds-zipformer-ctc-zh-2025-07-03-int8.tar.bz2,exhausted,unknown,high,scan_exhausted,
sherpa-onnx-qnn-SM8850-binary-9-seconds-zipformer-ctc-zh-2025-07-03-int8.tar.bz2,exhausted,unknown,high,scan_exhausted,
sherpa-onnx-qnn-SM8850-binary-9-seconds-zipformer-ctc-zh-2025-12-22-int8.tar.bz2,exhausted,unknown,high,scan_exhausted,
qnn-include-2.40.0.251030.tar.bz2,exhausted,unknown,high,scan_exhausted,
qnn-libs-2.40.0.251030.tar.bz2,exhausted,unknown,high,scan_exhausted,
sherpa-onnx-qnn-1-seconds-zipformer-ctc-zh-2025-07-03-int8-android-aarch64.tar.bz2,exhausted,unknown,high,scan_exhausted,
sherpa-onnx-qnn-1-seconds-zipformer-ctc-zh-2025-07-03-int8-linux-x64.tar.bz2,exhausted,unknown,high,scan_exhausted,
sherpa-onnx-qnn-1-seconds-zipformer-ctc-zh-2025-12-22-int8-android-aarch64.tar.bz2,exhausted,unknown,high,scan_exhausted,
sherpa-onnx-qnn-1-seconds-zipformer-ctc-zh-2025-12-22-int8-linux-x64.tar.bz2,exhausted,unknown,high,scan_exhausted,
sherpa-onnx-qnn-10-seconds-paraformer-zh-2023-03-28-int8-android-aarch64.tar.bz2,exhausted,unknown,high,scan_exhausted,
sherpa-onnx-qnn-10-seconds-paraformer-zh-2023-03-28-int8-linux-x64.tar.bz2,exhausted,unknown,high,scan_exhausted,
sherpa-onnx-qnn-10-seconds-paraformer-zh-2025-10-07-int8-android-aarch64.tar.bz2,exhausted,unknown,high,scan_exhausted,
sherpa-onnx-qnn-10-seconds-paraformer-zh-2025-10-07-int8-linux-x64.tar.bz2,exhausted,unknown,high,scan_exhausted,
sherpa-onnx-qnn-10-seconds-sense-voice-zh-en-ja-ko-yue-2024-07-17-int8-android-aarch64.tar.bz2,exhausted,unknown,high,scan_exhausted,
sherpa-onnx-qnn-10-seconds-sense-voice-zh-en-ja-ko-yue-2024-07-17-int8-linux-x64.tar.bz2,exhausted,unknown,high,scan_exhausted,
sherpa-onnx-qnn-10-seconds-sense-voice-zh-en-ja-ko-yue-2025-09-09-int8-android-aarch64.tar.bz2,exhausted,unknown,high,scan_exhausted,
sherpa-onnx-qnn-10-seconds-sense-voice-zh-en-ja-ko-yue-2025-09-09-int8-linux-x64.tar.bz2,exhausted,unknown,high,scan_exhausted,
sherpa-onnx-qnn-10-seconds-zipformer-ctc-zh-2025-07-03-int8-android-aarch64.tar.bz2,exhausted,unknown,high,scan_exhausted,
sherpa-onnx-qnn-10-seconds-zipformer-ctc-zh-2025-07-03-int8-linux-x64.tar.bz2,exhausted,unknown,high,scan_exhausted,
sherpa-onnx-qnn-10-seconds-zipformer-ctc-zh-2025-12-22-int8-android-aarch64.tar.bz2,exhausted,unknown,high,scan_exhausted,
sherpa-onnx-qnn-10-seconds-zipformer-ctc-zh-2025-12-22-int8-linux-x64.tar.bz2,exhausted,unknown,high,scan_exhausted,
sherpa-onnx-qnn-13-seconds-paraformer-zh-2023-03-28-int8-android-aarch64.tar.bz2,exhausted,unknown,high,scan_exhausted,
sherpa-onnx-qnn-13-seconds-paraformer-zh-2023-03-28-int8-linux-x64.tar.bz2,exhausted,unknown,high,scan_exhausted,
sherpa-onnx-qnn-13-seconds-paraformer-zh-2025-10-07-int8-android-aarch64.tar.bz2,exhausted,unknown,high,scan_exhausted,
sherpa-onnx-qnn-13-seconds-paraformer-zh-2025-10-07-int8-linux-x64.tar.bz2,exhausted,unknown,high,scan_exhausted,
sherpa-onnx-qnn-13-seconds-sense-voice-zh-en-ja-ko-yue-2024-07-17-int8-android-aarch64.tar.bz2,exhausted,unknown,high,scan_exhausted,
sherpa-onnx-qnn-13-seconds-sense-voice-zh-en-ja-ko-yue-2024-07-17-int8-linux-x64.tar.bz2,exhausted,unknown,high,scan_exhausted,
sherpa-onnx-qnn-13-seconds-sense-voice-zh-en-ja-ko-yue-2025-09-09-int8-android-aarch64.tar.bz2,exhausted,unknown,high,scan_exhausted,
sherpa-onnx-qnn-13-seconds-sense-voice-zh-en-ja-ko-yue-2025-09-09-int8-linux-x64.tar.bz2,exhausted,unknown,high,scan_exhausted,
sherpa-onnx-qnn-13-seconds-zipformer-ctc-zh-2025-07-03-int8-android-aarch64.tar.bz2,exhausted,unknown,high,scan_exhausted,
sherpa-onnx-qnn-13-seconds-zipformer-ctc-zh-2025-07-03-int8-linux-x64.tar.bz2,exhausted,unknown,high,scan_exhausted,
sherpa-onnx-qnn-15-seconds-paraformer-zh-2023-03-28-int8-android-aarch64.tar.bz2,exhausted,unknown,high,scan_exhausted,
sherpa-onnx-qnn-15-seconds-paraformer-zh-2023-03-28-int8-linux-x64.tar.bz2,exhausted,unknown,high,scan_exhausted,
sherpa-onnx-qnn-15-seconds-paraformer-zh-2025-10-07-int8-android-aarch64.tar.bz2,exhausted,unknown,high,scan_exhausted,
sherpa-onnx-qnn-15-seconds-paraformer-zh-2025-10-07-int8-linux-x64.tar.bz2,exhausted,unknown,high,scan_exhausted,
sherpa-onnx-qnn-15-seconds-sense-voice-zh-en-ja-ko-yue-2024-07-17-int8-android-aarch64.tar.bz2,exhausted,unknown,high,scan_exhausted,
sherpa-onnx-qnn-15-seconds-sense-voice-zh-en-ja-ko-yue-2024-07-17-int8-linux-x64.tar.bz2,exhausted,unknown,high,scan_exhausted,
sherpa-onnx-qnn-15-seconds-sense-voice-zh-en-ja-ko-yue-2025-09-09-int8-android-aarch64.tar.bz2,exhausted,unknown,high,scan_exhausted,
sherpa-onnx-qnn-15-seconds-sense-voice-zh-en-ja-ko-yue-2025-09-09-int8-linux-x64.tar.bz2,exhausted,unknown,high,scan_exhausted,
sherpa-onnx-qnn-15-seconds-zipformer-ctc-zh-2025-07-03-int8-android-aarch64.tar.bz2,exhausted,unknown,high,scan_exhausted,
sherpa-onnx-qnn-15-seconds-zipformer-ctc-zh-2025-07-03-int8-linux-x64.tar.bz2,exhausted,unknown,high,scan_exhausted,
sherpa-onnx-qnn-18-seconds-paraformer-zh-2023-03-28-int8-android-aarch64.tar.bz2,exhausted,unknown,high,scan_exhausted,
sherpa-onnx-qnn-18-seconds-paraformer-zh-2023-03-28-int8-linux-x64.tar.bz2,exhausted,unknown,high,scan_exhausted,
sherpa-onnx-qnn-18-seconds-paraformer-zh-2025-10-07-int8-android-aarch64.tar.bz2,exhausted,unknown,high,scan_exhausted,
sherpa-onnx-qnn-18-seconds-paraformer-zh-2025-10-07-int8-linux-x64.tar.bz2,exhausted,unknown,high,scan_exhausted,
sherpa-onnx-qnn-18-seconds-sense-voice-zh-en-ja-ko-yue-2024-07-17-int8-android-aarch64.tar.bz2,exhausted,unknown,high,scan_exhausted,
sherpa-onnx-qnn-18-seconds-sense-voice-zh-en-ja-ko-yue-2024-07-17-int8-linux-x64.tar.bz2,exhausted,unknown,high,scan_exhausted,
sherpa-onnx-qnn-18-seconds-sense-voice-zh-en-ja-ko-yue-2025-09-09-int8-android-aarch64.tar.bz2,exhausted,unknown,high,scan_exhausted,
sherpa-onnx-qnn-18-seconds-sense-voice-zh-en-ja-ko-yue-2025-09-09-int8-linux-x64.tar.bz2,exhausted,unknown,high,scan_exhausted,
sherpa-onnx-qnn-18-seconds-zipformer-ctc-zh-2025-07-03-int8-android-aarch64.tar.bz2,exhausted,unknown,high,scan_exhausted,
sherpa-onnx-qnn-18-seconds-zipformer-ctc-zh-2025-07-03-int8-linux-x64.tar.bz2,exhausted,unknown,high,scan_exhausted,
sherpa-onnx-qnn-2-seconds-zipformer-ctc-zh-2025-07-03-int8-android-aarch64.tar.bz2,exhausted,unknown,high,scan_exhausted,
sherpa-onnx-qnn-2-seconds-zipformer-ctc-zh-2025-07-03-int8-linux-x64.tar.bz2,exhausted,unknown,high,scan_exhausted,
sherpa-onnx-qnn-2-seconds-zipformer-ctc-zh-2025-12-22-int8-android-aarch64.tar.bz2,exhausted,unknown,high,scan_exhausted,
sherpa-onnx-qnn-2-seconds-zipformer-ctc-zh-2025-12-22-int8-linux-x64.tar.bz2,exhausted,unknown,high,scan_exhausted,
sherpa-onnx-qnn-20-seconds-paraformer-zh-2023-03-28-int8-android-aarch64.tar.bz2,exhausted,unknown,high,scan_exhausted,
sherpa-onnx-qnn-20-seconds-paraformer-zh-2023-03-28-int8-linux-x64.tar.bz2,exhausted,unknown,high,scan_exhausted,
sherpa-onnx-qnn-20-seconds-paraformer-zh-2025-10-07-int8-android-aarch64.tar.bz2,exhausted,unknown,high,scan_exhausted,
sherpa-onnx-qnn-20-seconds-paraformer-zh-2025-10-07-int8-linux-x64.tar.bz2,exhausted,unknown,high,scan_exhausted,
sherpa-onnx-qnn-20-seconds-sense-voice-zh-en-ja-ko-yue-2024-07-17-int8-android-aarch64.tar.bz2,exhausted,unknown,high,scan_exhausted,
sherpa-onnx-qnn-20-seconds-sense-voice-zh-en-ja-ko-yue-2024-07-17-int8-linux-x64.tar.bz2,exhausted,unknown,high,scan_exhausted,
sherpa-onnx-qnn-20-seconds-sense-voice-zh-en-ja-ko-yue-2025-09-09-int8-android-aarch64.tar.bz2,exhausted,unknown,high,scan_exhausted,
sherpa-onnx-qnn-20-seconds-sense-voice-zh-en-ja-ko-yue-2025-09-09-int8-linux-x64.tar.bz2,exhausted,unknown,high,scan_exhausted,
sherpa-onnx-qnn-20-seconds-zipformer-ctc-zh-2025-07-03-int8-android-aarch64.tar.bz2,exhausted,unknown,high,scan_exhausted,
sherpa-onnx-qnn-20-seconds-zipformer-ctc-zh-2025-07-03-int8-linux-x64.tar.bz2,exhausted,unknown,high,scan_exhausted,
sherpa-onnx-qnn-23-seconds-paraformer-zh-2023-03-28-int8-android-aarch64.tar.bz2,exhausted,unknown,high,scan_exhausted,
sherpa-onnx-qnn-23-seconds-paraformer-zh-2023-03-28-int8-linux-x64.tar.bz2,exhausted,unknown,high,scan_exhausted,
sherpa-onnx-qnn-23-seconds-paraformer-zh-2025-10-07-int8-android-aarch64.tar.bz2,exhausted,unknown,high,scan_exhausted,
sherpa-onnx-qnn-23-seconds-paraformer-zh-2025-10-07-int8-linux-x64.tar.bz2,exhausted,unknown,high,scan_exhausted,
sherpa-onnx-qnn-23-seconds-sense-voice-zh-en-ja-ko-yue-2024-07-17-int8-android-aarch64.tar.bz2,exhausted,unknown,high,scan_exhausted,
sherpa-onnx-qnn-23-seconds-sense-voice-zh-en-ja-ko-yue-2024-07-17-int8-linux-x64.tar.bz2,exhausted,unknown,high,scan_exhausted,
sherpa-onnx-qnn-23-seconds-sense-voice-zh-en-ja-ko-yue-2025-09-09-int8-android-aarch64.tar.bz2,exhausted,unknown,high,scan_exhausted,
sherpa-onnx-qnn-23-seconds-sense-voice-zh-en-ja-ko-yue-2025-09-09-int8-linux-x64.tar.bz2,exhausted,unknown,high,scan_exhausted,
sherpa-onnx-qnn-23-seconds-zipformer-ctc-zh-2025-07-03-int8-android-aarch64.tar.bz2,exhausted,unknown,high,scan_exhausted,
sherpa-onnx-qnn-23-seconds-zipformer-ctc-zh-2025-07-03-int8-linux-x64.tar.bz2,exhausted,unknown,high,scan_exhausted,
sherpa-onnx-qnn-25-seconds-paraformer-zh-2023-03-28-int8-android-aarch64.tar.bz2,exhausted,unknown,high,scan_exhausted,
sherpa-onnx-qnn-25-seconds-paraformer-zh-2023-03-28-int8-linux-x64.tar.bz2,exhausted,unknown,high,scan_exhausted,
sherpa-onnx-qnn-25-seconds-paraformer-zh-2025-10-07-int8-android-aarch64.tar.bz2,exhausted,unknown,high,scan_exhausted,
sherpa-onnx-qnn-25-seconds-paraformer-zh-2025-10-07-int8-linux-x64.tar.bz2,exhausted,unknown,high,scan_exhausted,
sherpa-onnx-qnn-25-seconds-sense-voice-zh-en-ja-ko-yue-2024-07-17-int8-android-aarch64.tar.bz2,exhausted,unknown,high,scan_exhausted,
sherpa-onnx-qnn-25-seconds-sense-voice-zh-en-ja-ko-yue-2024-07-17-int8-linux-x64.tar.bz2,exhausted,unknown,high,scan_exhausted,
sherpa-onnx-qnn-25-seconds-sense-voice-zh-en-ja-ko-yue-2025-09-09-int8-android-aarch64.tar.bz2,exhausted,unknown,high,scan_exhausted,
sherpa-onnx-qnn-25-seconds-sense-voice-zh-en-ja-ko-yue-2025-09-09-int8-linux-x64.tar.bz2,exhausted,unknown,high,scan_exhausted,
sherpa-onnx-qnn-25-seconds-zipformer-ctc-zh-2025-07-03-int8-android-aarch64.tar.bz2,exhausted,unknown,high,scan_exhausted,
sherpa-onnx-qnn-25-seconds-zipformer-ctc-zh-2025-07-03-int8-linux-x64.tar.bz2,exhausted,unknown,high,scan_exhausted,
sherpa-onnx-qnn-28-seconds-paraformer-zh-2023-03-28-int8-android-aarch64.tar.bz2,exhausted,unknown,high,scan_exhausted,
sherpa-onnx-qnn-28-seconds-paraformer-zh-2023-03-28-int8-linux-x64.tar.bz2,exhausted,unknown,high,scan_exhausted,
sherpa-onnx-qnn-28-seconds-paraformer-zh-2025-10-07-int8-android-aarch64.tar.bz2,exhausted,unknown,high,scan_exhausted,
sherpa-onnx-qnn-28-seconds-paraformer-zh-2025-10-07-int8-linux-x64.tar.bz2,exhausted,unknown,high,scan_exhausted,
sherpa-onnx-qnn-28-seconds-sense-voice-zh-en-ja-ko-yue-2024-07-17-int8-android-aarch64.tar.bz2,exhausted,unknown,high,scan_exhausted,
sherpa-onnx-qnn-28-seconds-sense-voice-zh-en-ja-ko-yue-2024-07-17-int8-linux-x64.tar.bz2,exhausted,unknown,high,scan_exhausted,
sherpa-onnx-qnn-28-seconds-sense-voice-zh-en-ja-ko-yue-2025-09-09-int8-android-aarch64.tar.bz2,exhausted,unknown,high,scan_exhausted,
sherpa-onnx-qnn-28-seconds-sense-voice-zh-en-ja-ko-yue-2025-09-09-int8-linux-x64.tar.bz2,exhausted,unknown,high,scan_exhausted,
sherpa-onnx-qnn-28-seconds-zipformer-ctc-zh-2025-07-03-int8-android-aarch64.tar.bz2,exhausted,unknown,high,scan_exhausted,
sherpa-onnx-qnn-28-seconds-zipformer-ctc-zh-2025-07-03-int8-linux-x64.tar.bz2,exhausted,unknown,high,scan_exhausted,
sherpa-onnx-qnn-3-seconds-zipformer-ctc-zh-2025-07-03-int8-android-aarch64.tar.bz2,exhausted,unknown,high,scan_exhausted,
sherpa-onnx-qnn-3-seconds-zipformer-ctc-zh-2025-07-03-int8-linux-x64.tar.bz2,exhausted,unknown,high,scan_exhausted,
sherpa-onnx-qnn-3-seconds-zipformer-ctc-zh-2025-12-22-int8-android-aarch64.tar.bz2,exhausted,unknown,high,scan_exhausted,
sherpa-onnx-qnn-3-seconds-zipformer-ctc-zh-2025-12-22-int8-linux-x64.tar.bz2,exhausted,unknown,high,scan_exhausted,
sherpa-onnx-qnn-30-seconds-paraformer-zh-2023-03-28-int8-android-aarch64.tar.bz2,exhausted,unknown,high,scan_exhausted,
sherpa-onnx-qnn-30-seconds-paraformer-zh-2023-03-28-int8-linux-x64.tar.bz2,exhausted,unknown,high,scan_exhausted,
sherpa-onnx-qnn-30-seconds-paraformer-zh-2025-10-07-int8-android-aarch64.tar.bz2,exhausted,unknown,high,scan_exhausted,
sherpa-onnx-qnn-30-seconds-paraformer-zh-2025-10-07-int8-linux-x64.tar.bz2,exhausted,unknown,high,scan_exhausted,
sherpa-onnx-qnn-30-seconds-sense-voice-zh-en-ja-ko-yue-2024-07-17-int8-android-aarch64.tar.bz2,exhausted,unknown,high,scan_exhausted,
sherpa-onnx-qnn-30-seconds-sense-voice-zh-en-ja-ko-yue-2024-07-17-int8-linux-x64.tar.bz2,exhausted,unknown,high,scan_exhausted,
sherpa-onnx-qnn-30-seconds-sense-voice-zh-en-ja-ko-yue-2025-09-09-int8-android-aarch64.tar.bz2,exhausted,unknown,high,scan_exhausted,
sherpa-onnx-qnn-30-seconds-sense-voice-zh-en-ja-ko-yue-2025-09-09-int8-linux-x64.tar.bz2,exhausted,unknown,high,scan_exhausted,
sherpa-onnx-qnn-30-seconds-zipformer-ctc-zh-2025-07-03-int8-android-aarch64.tar.bz2,exhausted,unknown,high,scan_exhausted,
sherpa-onnx-qnn-30-seconds-zipformer-ctc-zh-2025-07-03-int8-linux-x64.tar.bz2,exhausted,unknown,high,scan_exhausted,
sherpa-onnx-qnn-4-seconds-zipformer-ctc-zh-2025-07-03-int8-android-aarch64.tar.bz2,exhausted,unknown,high,scan_exhausted,
sherpa-onnx-qnn-4-seconds-zipformer-ctc-zh-2025-07-03-int8-linux-x64.tar.bz2,exhausted,unknown,high,scan_exhausted,
sherpa-onnx-qnn-4-seconds-zipformer-ctc-zh-2025-12-22-int8-android-aarch64.tar.bz2,exhausted,unknown,high,scan_exhausted,
sherpa-onnx-qnn-4-seconds-zipformer-ctc-zh-2025-12-22-int8-linux-x64.tar.bz2,exhausted,unknown,high,scan_exhausted,
sherpa-onnx-qnn-5-seconds-paraformer-zh-2023-03-28-int8-android-aarch64.tar.bz2,exhausted,unknown,high,scan_exhausted,
sherpa-onnx-qnn-5-seconds-paraformer-zh-2023-03-28-int8-linux-x64.tar.bz2,exhausted,unknown,high,scan_exhausted,
sherpa-onnx-qnn-5-seconds-paraformer-zh-2025-10-07-int8-android-aarch64.tar.bz2,exhausted,unknown,high,scan_exhausted,
sherpa-onnx-qnn-5-seconds-paraformer-zh-2025-10-07-int8-linux-x64.tar.bz2,exhausted,unknown,high,scan_exhausted,
sherpa-onnx-qnn-5-seconds-sense-voice-zh-en-ja-ko-yue-2024-07-17-int8-android-aarch64.tar.bz2,exhausted,unknown,high,scan_exhausted,
sherpa-onnx-qnn-5-seconds-sense-voice-zh-en-ja-ko-yue-2024-07-17-int8-linux-x64.tar.bz2,exhausted,unknown,high,scan_exhausted,
sherpa-onnx-qnn-5-seconds-sense-voice-zh-en-ja-ko-yue-2025-09-09-int8-android-aarch64.tar.bz2,exhausted,unknown,high,scan_exhausted,
sherpa-onnx-qnn-5-seconds-sense-voice-zh-en-ja-ko-yue-2025-09-09-int8-linux-x64.tar.bz2,exhausted,unknown,high,scan_exhausted,
sherpa-onnx-qnn-5-seconds-zipformer-ctc-zh-2025-07-03-int8-android-aarch64.tar.bz2,exhausted,unknown,high,scan_exhausted,
sherpa-onnx-qnn-5-seconds-zipformer-ctc-zh-2025-07-03-int8-linux-x64.tar.bz2,exhausted,unknown,high,scan_exhausted,
sherpa-onnx-qnn-5-seconds-zipformer-ctc-zh-2025-12-12-int8-android-aarch64.tar.bz2,exhausted,unknown,high,scan_exhausted,
sherpa-onnx-qnn-5-seconds-zipformer-ctc-zh-2025-12-12-int8-linux-x64.tar.bz2,exhausted,unknown,high,scan_exhausted,
sherpa-onnx-qnn-5-seconds-zipformer-ctc-zh-2025-12-22-int8-android-aarch64.tar.bz2,exhausted,unknown,high,scan_exhausted,
sherpa-onnx-qnn-5-seconds-zipformer-ctc-zh-2025-12-22-int8-linux-x64.tar.bz2,exhausted,unknown,high,scan_exhausted,
sherpa-onnx-qnn-6-seconds-zipformer-ctc-zh-2025-07-03-int8-android-aarch64.tar.bz2,exhausted,unknown,high,scan_exhausted,
sherpa-onnx-qnn-6-seconds-zipformer-ctc-zh-2025-07-03-int8-linux-x64.tar.bz2,exhausted,unknown,high,scan_exhausted,
sherpa-onnx-qnn-6-seconds-zipformer-ctc-zh-2025-12-22-int8-android-aarch64.tar.bz2,exhausted,unknown,high,scan_exhausted,
sherpa-onnx-qnn-6-seconds-zipformer-ctc-zh-2025-12-22-int8-linux-x64.tar.bz2,exhausted,unknown,high,scan_exhausted,
sherpa-onnx-qnn-7-seconds-zipformer-ctc-zh-2025-07-03-int8-android-aarch64.tar.bz2,exhausted,unknown,high,scan_exhausted,
sherpa-onnx-qnn-7-seconds-zipformer-ctc-zh-2025-07-03-int8-linux-x64.tar.bz2,exhausted,unknown,high,scan_exhausted,
sherpa-onnx-qnn-7-seconds-zipformer-ctc-zh-2025-12-22-int8-android-aarch64.tar.bz2,exhausted,unknown,high,scan_exhausted,
sherpa-onnx-qnn-7-seconds-zipformer-ctc-zh-2025-12-22-int8-linux-x64.tar.bz2,exhausted,unknown,high,scan_exhausted,
sherpa-onnx-qnn-8-seconds-paraformer-zh-2023-03-28-int8-android-aarch64.tar.bz2,exhausted,unknown,high,scan_exhausted,
sherpa-onnx-qnn-8-seconds-paraformer-zh-2023-03-28-int8-linux-x64.tar.bz2,exhausted,unknown,high,scan_exhausted,
sherpa-onnx-qnn-8-seconds-paraformer-zh-2025-10-07-int8-android-aarch64.tar.bz2,exhausted,unknown,high,scan_exhausted,
sherpa-onnx-qnn-8-seconds-paraformer-zh-2025-10-07-int8-linux-x64.tar.bz2,exhausted,unknown,high,scan_exhausted,
sherpa-onnx-qnn-8-seconds-sense-voice-zh-en-ja-ko-yue-2024-07-17-int8-android-aarch64.tar.bz2,exhausted,unknown,high,scan_exhausted,
sherpa-onnx-qnn-8-seconds-sense-voice-zh-en-ja-ko-yue-2024-07-17-int8-linux-x64.tar.bz2,exhausted,unknown,high,scan_exhausted,
sherpa-onnx-qnn-8-seconds-sense-voice-zh-en-ja-ko-yue-2025-09-09-int8-android-aarch64.tar.bz2,exhausted,unknown,high,scan_exhausted,
sherpa-onnx-qnn-8-seconds-sense-voice-zh-en-ja-ko-yue-2025-09-09-int8-linux-x64.tar.bz2,exhausted,unknown,high,scan_exhausted,
sherpa-onnx-qnn-8-seconds-zipformer-ctc-zh-2025-07-03-int8-android-aarch64.tar.bz2,exhausted,unknown,high,scan_exhausted,
sherpa-onnx-qnn-8-seconds-zipformer-ctc-zh-2025-07-03-int8-linux-x64.tar.bz2,exhausted,unknown,high,scan_exhausted,
sherpa-onnx-qnn-9-seconds-zipformer-ctc-zh-2025-07-03-int8-android-aarch64.tar.bz2,exhausted,unknown,high,scan_exhausted,
sherpa-onnx-qnn-9-seconds-zipformer-ctc-zh-2025-07-03-int8-linux-x64.tar.bz2,exhausted,unknown,high,scan_exhausted,
sherpa-onnx-qnn-9-seconds-zipformer-ctc-zh-2025-12-22-int8-android-aarch64.tar.bz2,exhausted,unknown,high,scan_exhausted,
sherpa-onnx-qnn-9-seconds-zipformer-ctc-zh-2025-12-22-int8-linux-x64.tar.bz2,exhausted,unknown,high,scan_exhausted,
